Date,AAPL,GOOGL,MSFT,TLT,HYG,GLD
2021-08-30,149.3488006591797,143.31964111328125,291.363525390625,125.46070098876953,66.27082061767578,169.35000610351562
2021-08-31,148.09060668945312,143.4257049560547,289.72247314453125,124.60672760009766,66.2858657836914,169.69000244140625
2021-09-01,148.7538299560547,143.93917846679688,289.6744079589844,124.81539154052734,66.34246826171875,169.6999969482422
2021-09-02,149.86581420898438,142.0276336669922,289.02178955078125,125.36030578613281,66.42549133300781,169.25
2021-09-03,150.49978637695312,142.47613525390625,289.01226806640625,124.22021484375,66.43305206298828,171.05999755859375
2021-09-07,152.83090209960938,143.01235961914062,288.0909423828125,123.17230987548828,66.25943756103516,167.7100067138672
2021-09-08,151.28981018066406,142.4280548095703,288.11968994140625,124.0106430053711,66.33494567871094,167.2899932861328
2021-09-09,150.27545166015625,142.27938842773438,285.2789001464844,125.51119995117188,66.39532470703125,168.02999877929688
2021-09-10,145.3010711669922,139.63780212402344,283.8009338378906,124.40469360351562,66.29720306396484,167.17999267578125
2021-09-13,145.86676025390625,141.08151245117188,285.0293273925781,125.15912628173828,66.46324157714844,167.74000549316406
2021-09-14,144.4720001220703,141.2916259765625,287.7166442871094,126.67647552490234,66.43305206298828,168.82000732421875
2021-09-15,145.3595428466797,143.16004943847656,292.5440673828125,126.2321548461914,66.53121185302734,167.8300018310547
2021-09-16,145.12547302246094,142.3477783203125,292.92791748046875,125.65373229980469,66.50853729248047,164.02999877929688
2021-09-17,142.46270751953125,139.56246948242188,287.79339599609375,125.05013275146484,66.42549133300781,163.77000427246094
2021-09-20,139.4195556640625,137.50025939941406,282.4477233886719,126.60102081298828,66.19149017333984,164.94000244140625
2021-09-21,139.89749145507812,137.81097412109375,282.9275207519531,126.4920883178711,66.30473327636719,166.0399932861328
2021-09-22,142.2578887939453,139.0504913330078,286.555419921875,127.24650573730469,66.42549133300781,165.4199981689453
2021-09-23,143.21376037597656,139.9748077392578,287.495849609375,124.3711166381836,66.45569610595703,163.50999450683594
2021-09-24,143.30152893066406,140.9650421142578,287.29437255859375,123.1556396484375,66.3575668334961,163.3000030517578
2021-09-27,141.78970336914062,139.8320770263672,282.32293701171875,122.70286560058594,66.29720306396484,163.63999938964844
2021-09-28,138.41493225097656,134.63616943359375,272.1018371582031,120.7915267944336,65.99523162841797,162.0500030517578
2021-09-29,139.31227111816406,133.17262268066406,272.5626220703125,121.00114440917969,66.11602020263672,161.32000732421875
2021-09-30,138.01504516601562,132.50106811523438,270.56634521484375,120.984375,66.0405502319336,164.22000122070312
2021-10-01,139.13670349121094,135.34286499023438,277.4571533203125,122.0025634765625,66.19883728027344,164.58999633789062
2021-10-04,135.71315002441406,132.48472595214844,271.7083435058594,121.69192504882812,65.96403503417969,165.36000061035156
2021-10-05,137.6346435546875,134.8274383544922,277.13079833984375,120.51679229736328,65.93376159667969,164.58999633789062
2021-10-06,138.50270080566406,136.35589599609375,281.3055725097656,121.19673156738281,65.89588165283203,165.02999877929688
2021-10-07,139.7609405517578,138.00131225585938,282.9755859375,119.92931365966797,65.9034652709961,164.16000366210938
2021-10-08,139.38052368164062,138.556884765625,282.9755859375,119.08992004394531,65.70655822753906,164.22999572753906
2021-10-11,139.29275512695312,137.6930389404297,282.3805847167969,118.7877426147461,65.50208282470703,163.9199981689453
2021-10-12,138.02474975585938,135.2497100830078,281.0849304199219,120.81897735595703,65.62326049804688,164.66000366210938
2021-10-13,137.43954467773438,136.3727569580078,284.3768005371094,121.99410247802734,65.79745483398438,167.58999633789062
2021-10-14,140.21932983398438,139.91038513183594,290.557373046875,122.44744110107422,66.16854095458984,168.0
2021-10-15,141.27272033691406,140.12545776367188,291.9586181640625,121.7338638305664,66.05492401123047,165.3300018310547
2021-10-18,142.940673828125,141.52308654785156,294.9146728515625,122.30471801757812,66.0246353149414,164.9199981689453
2021-10-19,145.09619140625,141.97805786132812,295.8167419433594,120.61752319335938,66.0700912475586,165.4499969482422
2021-10-20,145.5839080810547,140.52294921875,295.0297546386719,119.80335998535156,66.09281921386719,166.89999389648438
2021-10-21,145.79849243164062,140.638916015625,298.2448425292969,119.66064453125,65.92617797851562,166.75
2021-10-22,145.02793884277344,136.3573760986328,296.70928955078125,120.97848510742188,65.76714324951172,167.77000427246094
2021-10-25,144.9791717529297,136.23895263671875,295.72076416015625,120.79385375976562,65.8807373046875,168.92999267578125
2021-10-26,145.64242553710938,138.08409118652344,297.6210021972656,121.79267120361328,65.89588165283203,167.67999267578125
2021-10-27,145.18402099609375,144.932373046875,310.15509033203125,124.00859069824219,65.84286499023438,168.1199951171875
2021-10-28,148.81236267089844,144.5670928955078,311.28753662109375,123.58894348144531,66.00949096679688,168.0800018310547
2021-10-29,146.11058044433594,146.74478149414062,318.2647705078125,123.9666748046875,65.8353042602539,166.64999389648438
2021-11-01,145.2913055419922,142.2357635498047,316.1053466796875,123.07408905029297,65.7646484375,167.52000427246094
2021-11-02,146.32522583007812,144.1542510986328,319.7139587402344,123.62039947509766,65.9241943359375,167.16000366210938
2021-11-03,147.7589874267578,145.3095245361328,320.54888916015625,122.34295654296875,66.05335235595703,165.77000427246094
2021-11-04,147.2420196533203,146.96432495117188,322.890625,123.62883758544922,66.22809600830078,167.64999389648438
2021-11-05,147.76950073242188,147.54368591308594,322.5259704589844,125.47779846191406,66.47884368896484,169.83999633789062
2021-11-08,146.94898986816406,147.7211456298828,323.4184875488281,125.24247741699219,66.39524841308594,170.4499969482422
2021-11-09,147.3103790283203,147.60960388183594,322.42034912109375,126.87288665771484,66.44842529296875,171.2899932861328
2021-11-10,144.48745727539062,144.61119079589844,317.47784423828125,124.55327606201172,66.076171875,173.14999389648438
2021-11-11,144.43862915039062,144.4852752685547,319.0421447753906,124.36836242675781,65.96220397949219,174.1199951171875
2021-11-12,146.50942993164062,147.37123107910156,323.15936279296875,123.82209777832031,65.98497772216797,174.4499969482422
2021-11-15,146.51918029785156,147.14723205566406,322.5355529785156,122.26726531982422,65.90897369384766,174.17999267578125
2021-11-16,147.4959716796875,146.57627868652344,325.8370056152344,121.95630645751953,65.93939208984375,172.9199981689453
2021-11-17,149.92823791503906,146.7457733154297,326.0581970214844,122.92282104492188,65.87101745605469,174.5
2021-11-18,154.20657348632812,148.5215301513672,328.1253967285156,123.3851089477539,65.81783294677734,173.94000244140625
2021-11-19,156.82440185546875,147.61753845214844,329.8944396972656,124.68777465820312,65.7646484375,172.61000061035156
2021-11-22,157.28346252441406,145.01609802246094,326.7407531738281,123.22534942626953,65.5139389038086,168.74000549316406
2021-11-23,157.66444396972656,144.5006866455078,324.67364501953125,121.44359588623047,65.42276000976562,167.27999877929688
2021-11-24,158.18214416503906,144.83570861816406,324.8947448730469,123.39344024658203,65.4075698852539,167.1199951171875
2021-11-26,153.17117309570312,140.93331909179688,316.9817810058594,126.51148986816406,64.93650817871094,166.85000610351562
2021-11-29,156.52159118652344,144.2513885498047,323.6640319824219,125.4946060180664,65.33916473388672,166.6199951171875
2021-11-30,161.4641571044922,140.6503143310547,317.8567199707031,127.40235137939453,65.06566619873047,165.5
2021-12-01,160.94647216796875,139.81178283691406,317.3663330078125,128.1882781982422,65.07484436035156,166.16000366210938
2021-12-02,159.9598846435547,141.7094268798828,316.799072265625,128.3481903076172,65.55502319335938,165.24000549316406
2021-12-03,158.0844268798828,140.75340270996094,310.5687255859375,129.87960815429688,65.55502319335938,166.6300048828125
2021-12-06,161.48370361328125,141.89678955078125,313.6261291503906,128.09573364257812,65.84467315673828,166.22000122070312
2021-12-07,167.2077178955078,145.97511291503906,322.0198974609375,127.06066131591797,66.1953353881836,166.80999755859375
2021-12-08,171.01722717285156,146.88406372070312,322.06805419921875,124.86454772949219,66.18012237548828,166.89999389648438
2021-12-09,170.50929260253906,146.34088134765625,320.2699890136719,125.56289672851562,65.88280487060547,165.8800048828125
2021-12-10,175.2857666015625,146.7006378173828,329.3464050292969,125.2599868774414,66.0352783203125,166.5800018310547
2021-12-13,171.6619110107422,144.54481506347656,326.32733154296875,127.11122131347656,66.0352783203125,167.0
2021-12-14,170.2846221923828,142.6421661376953,315.6933898925781,126.80827331542969,65.92094421386719,165.44000244140625
2021-12-15,175.1392822265625,145.15386962890625,321.76031494140625,125.5881576538086,66.17250061035156,166.14999389648438
2021-12-16,168.2626495361328,143.17544555664062,312.3858642578125,125.63705444335938,66.12353515625,168.16000366210938
2021-12-17,167.16859436035156,140.4793243408203,311.3281555175781,127.06070709228516,66.06234741210938,167.8000030517578
2021-12-20,165.8109130859375,140.36236572265625,307.5881042480469,126.10879516601562,65.9476089477539,167.08999633789062
2021-12-21,168.97573852539062,142.2114715576172,314.683837890625,125.62858581542969,66.29946899414062,167.02000427246094
2021-12-22,171.564208984375,145.12811279296875,320.3661804199219,126.20982360839844,66.4753646850586,168.58999633789062
2021-12-23,172.18936157226562,145.62521362304688,321.7987365722656,125.1147689819336,66.6666030883789,168.97000122070312
2021-12-27,176.14535522460938,146.6065216064453,329.2598571777344,125.41801452636719,66.73543548583984,169.3699951171875
2021-12-28,175.1295166015625,145.39773559570312,328.1060485839844,124.9209976196289,66.7048568725586,168.63999938964844
2021-12-29,175.21739196777344,145.36602783203125,328.7791442871094,123.55626678466797,66.59774017333984,168.58999633789062
2021-12-30,174.0647735595703,144.91549682617188,326.2503662109375,124.59243774414062,66.56717681884766,169.8000030517578
2021-12-31,173.44943237304688,143.57887268066406,323.36602783203125,124.83672332763672,66.5518569946289,170.9600067138672
2022-01-03,177.786376953125,143.71713256835938,321.8564453125,121.55977630615234,66.52127838134766,168.3300018310547
2022-01-04,175.52996826171875,143.13034057617188,316.3374938964844,121.05432891845703,66.35298156738281,169.57000732421875
2022-01-05,170.86093139648438,136.56405639648438,304.1940002441406,120.39720916748047,65.84052276611328,169.05999755859375
2022-01-06,168.00869750976562,136.53680419921875,301.7904052734375,120.70893859863281,65.84819030761719,166.99000549316406
2022-01-07,168.1746826171875,135.81272888183594,301.94415283203125,119.84121704101562,65.6799087524414,167.75
2022-01-10,168.1942596435547,137.45069885253906,302.165283203125,120.1361083984375,65.73345947265625,168.25999450683594
2022-01-11,171.01722717285156,138.5078125,302.84796142578125,120.93639373779297,66.03938293457031,170.2899932861328
2022-01-12,171.45675659179688,140.1874237060547,306.01123046875,120.47303009033203,66.14649200439453,170.74000549316406
2022-01-13,168.1942596435547,137.3689422607422,293.0600280761719,121.54287719726562,65.90938568115234,170.16000366210938
2022-01-14,169.05384826660156,138.25457763671875,298.2520751953125,119.70645904541016,65.84819030761719,169.6699981689453
2022-01-18,165.85971069335938,134.8026580810547,290.9928894042969,118.0216293334961,65.52690887451172,169.38999938964844
2022-01-19,162.37255859375,133.9289093017578,291.6465759277344,118.83879089355469,65.46573638916016,172.0800018310547
2022-01-20,160.6925048828125,132.13583374023438,289.9833068847656,119.57170867919922,65.3433837890625,171.64999389648438
2022-01-21,158.6412353515625,129.20579528808594,284.6278381347656,120.9953842163086,65.35102844238281,171.08999633789062
2022-01-24,157.8695526123047,129.65435791015625,284.9548034667969,120.00126647949219,65.28217315673828,172.02999877929688
2022-01-25,156.07223510742188,125.8193359375,277.3782958984375,119.80754089355469,65.0909652709961,172.5800018310547
2022-01-26,155.9843292236328,128.0971221923828,285.2816467285156,118.35862731933594,64.86911010742188,169.7899932861328
2022-01-27,155.52525329589844,127.87117004394531,288.2911071777344,120.53205108642578,64.58613586425781,167.60000610351562
2022-01-28,166.37744140625,132.17892456054688,296.38671875,120.57416534423828,64.76970672607422,167.10000610351562
2022-01-31,170.7241668701172,134.11427307128906,299.0019836425781,119.95081329345703,64.78501892089844,168.08999633789062
2022-02-01,170.55810546875,136.43417358398438,296.8675537109375,119.5525894165039,65.04215240478516,168.22999572753906
2022-02-02,171.7595672607422,146.69920349121094,301.3865051269531,119.95753479003906,65.1419448852539,168.83999633789062
2022-02-03,168.8878173828125,141.83233642578125,289.64678955078125,119.02114868164062,64.55854034423828,168.60000610351562
2022-02-04,168.6041717529297,142.03353881835938,294.1560974121094,117.26647186279297,64.3051986694336,168.86000061035156
2022-02-07,167.8902130126953,137.97755432128906,289.3583984375,117.3424301147461,64.25916290283203,170.11000061035156
2022-02-08,170.99058532714844,138.17376708984375,292.8293762207031,116.55785369873047,64.19007873535156,170.6300048828125
2022-02-09,172.40872192382812,140.3474884033203,299.22314453125,116.77720642089844,64.52784729003906,171.2100067138672
2022-02-10,168.340087890625,137.401611328125,290.7332763671875,114.92130279541016,63.67573547363281,170.55999755859375
2022-02-11,164.9365692138672,133.1022491455078,283.676025390625,116.62538146972656,63.45317459106445,173.80999755859375
2022-02-14,165.1712646484375,134.3348388671875,283.6375732421875,115.17440032958984,63.34568786621094,174.74000549316406
2022-02-15,168.9954071044922,135.40780639648438,288.8967590332031,113.86685180664062,63.45317459106445,173.0800018310547
2022-02-16,168.76063537597656,136.52737426757812,288.5595397949219,114.54170989990234,63.80624771118164,174.86000061035156
2022-02-17,165.1712646484375,131.37405395507812,280.11004638671875,115.39372253417969,63.53757858276367,177.25
2022-02-18,163.62596130371094,129.25685119628906,277.41229248046875,116.60851287841797,63.62971496582031,177.1199951171875
2022-02-22,160.71141052246094,128.67251586914062,277.2099304199219,116.91216278076172,63.483863830566406,177.49000549316406
2022-02-23,156.55471801757812,126.46659088134766,270.0321044921875,115.30091857910156,63.368717193603516,178.2899932861328
2022-02-24,159.16607666015625,131.5247039794922,283.8289489746094,115.3768539428711,63.82160186767578,177.13999938964844
2022-02-25,161.2297821044922,133.27767944335938,286.44964599609375,115.46121978759766,64.18241119384766,176.5500030517578
2022-02-28,161.49380493164062,133.8699493408203,287.87554931640625,117.99198150634766,64.22847747802734,178.3800048828125
2022-03-01,159.6160125732422,132.88320922851562,284.1758117675781,119.35614776611328,64.04898071289062,181.6199951171875
2022-03-02,162.90220642089844,133.38870239257812,289.2244567871094,115.27626037597656,64.20304107666016,179.72999572753906
2022-03-03,162.5794677734375,132.72262573242188,285.1103820800781,116.45037078857422,64.01041412353516,180.8000030517578
2022-03-04,159.58663940429688,130.74713134765625,279.271728515625,118.46076202392578,63.594383239746094,183.67999267578125
2022-03-07,155.80166625976562,125.2677230834961,268.7217712402344,117.55695343017578,63.03962326049805,186.41000366210938
2022-03-08,153.98248291015625,125.98733520507812,265.7735595703125,116.37438201904297,62.81616973876953,191.50999450683594
2022-03-09,159.3714599609375,132.24732971191406,277.9613952636719,115.23400115966797,63.34010314941406,185.82000732421875
2022-03-10,155.0387725830078,131.26556396484375,275.1576843261719,113.57840728759766,62.808494567871094,186.39999389648438
2022-03-11,151.33200073242188,128.72903442382812,269.83935546875,113.95854949951172,62.35392379760742,185.08999633789062
2022-03-14,147.31224060058594,124.84398651123047,266.3420104980469,111.29768371582031,61.6142578125,182.3000030517578
2022-03-15,151.68406677246094,128.0624237060547,276.6607360839844,111.10340881347656,62.07655334472656,178.88999938964844
2022-03-16,156.08526611328125,132.1090545654297,283.6363220214844,112.19309997558594,62.94717025756836,180.00999450683594
2022-03-17,157.0926513671875,132.6626434326172,284.43597412109375,111.35684204101562,63.37861633300781,180.88999938964844
2022-03-18,160.37887573242188,134.92904663085938,289.4556579589844,112.71681213378906,63.58666229248047,179.3000030517578
2022-03-21,161.7480926513672,134.9052276611328,288.23199462890625,110.1066665649414,62.85472106933594,180.6699981689453
2022-03-22,165.11260986328125,138.63865661621094,292.9530944824219,108.696044921875,63.17831802368164,179.36000061035156
2022-03-23,166.47207641601562,137.06015014648438,288.54998779296875,111.0781021118164,62.977989196777344,181.80999755859375
2022-03-24,170.24728393554688,140.3276824951172,292.99163818359375,110.20801544189453,63.10899353027344,183.1300048828125
2022-03-25,170.883056640625,140.4277801513672,292.58685302734375,108.67911529541016,62.65439224243164,182.3800048828125
2022-03-28,171.7436981201172,140.21221923828125,299.35052490234375,109.60832977294922,63.04734802246094,179.05999755859375
2022-03-29,175.02989196777344,141.2529754638672,303.88848876953125,110.43612670898438,63.825523376464844,179.13999938964844
2022-03-30,173.86599731445312,140.69093322753906,302.3950500488281,111.29768371582031,63.63290023803711,180.5800018310547
2022-03-31,170.775390625,137.84521484375,297.0478820800781,111.56797790527344,63.40176010131836,180.64999389648438
2022-04-01,170.4820098876953,138.91867065429688,298.11724853515625,111.99270629882812,63.397117614746094,179.5
2022-04-04,174.52130126953125,141.7148895263672,303.4645690917969,111.21442413330078,63.87672424316406,180.3699951171875
2022-04-05,171.2155303955078,139.35531616210938,299.52386474609375,108.7017822265625,63.04901123046875,179.24000549316406
2022-04-06,168.0564727783203,135.34783935546875,288.5595397949219,107.82195281982422,62.553871154785156,179.66000366210938
2022-04-07,168.35968017578125,134.69412231445312,290.36126708984375,107.00981140136719,62.45330047607422,180.33999633789062
2022-04-08,166.35467529296875,132.1160125732422,286.1220397949219,105.85079956054688,62.074241638183594,181.47000122070312
2022-04-11,162.10997009277344,127.69122314453125,274.83984375,104.17573547363281,61.64876937866211,182.3699951171875
2022-04-12,163.97804260253906,126.59198760986328,271.7566223144531,104.03189849853516,62.12068176269531,183.77000427246094
2022-04-13,166.65786743164062,128.7523193359375,277.11358642578125,104.24340057373047,62.491973876953125,184.64999389648438
2022-04-14,161.6600799560547,125.61613464355469,269.6080627441406,102.1537857055664,62.074241638183594,184.0399932861328
2022-04-18,161.4449462890625,126.55431365966797,270.2729187011719,101.6462173461914,61.97365188598633,184.61000061035156
2022-04-19,163.72373962402344,128.86634826660156,274.8783264160156,100.88481140136719,61.91954040527344,181.82000732421875
2022-04-20,163.5574951171875,126.91461181640625,275.8995361328125,102.91520690917969,62.11293029785156,182.7100067138672
2022-04-21,162.76528930664062,123.71746063232422,270.5523681640625,102.1537857055664,61.687435150146484,182.05999755859375
2022-04-22,158.23695373535156,118.58399200439453,264.02001953125,101.51084899902344,61.31610870361328,180.2899932861328
2022-04-25,159.3030242919922,121.99224853515625,270.4656066894531,102.5260238647461,61.83442306518555,177.0500030517578
2022-04-26,153.35653686523438,117.6071548461914,260.3491516113281,103.55814361572266,61.47085189819336,177.32000732421875
2022-04-27,153.13157653808594,113.28992462158203,272.87432861328125,102.22993469238281,61.16912078857422,175.97999572753906
2022-04-28,160.04629516601562,117.48077392578125,279.0501708984375,102.38224029541016,61.50951385498047,176.92999267578125
2022-04-29,154.18789672851562,113.10655975341797,267.38250732421875,101.05399322509766,60.75138473510742,176.91000366210938
2022-05-02,154.4910888671875,115.55831909179688,274.0786437988281,99.30235290527344,60.75526809692383,173.6300048828125
2022-05-03,155.9776611328125,116.30271911621094,271.4869079589844,99.9718246459961,61.073665618896484,174.08999633789062
2022-05-04,162.37403869628906,121.18641662597656,279.3873596191406,100.52265930175781,61.694969177246094,175.8000030517578
2022-05-05,153.32720947265625,115.48150634765625,267.21881103515625,97.76848602294922,60.59992980957031,175.1300048828125
2022-05-06,154.05198669433594,114.72917175292969,264.6944580078125,96.32786560058594,60.258209228515625,175.4199981689453
2022-05-09,148.93914794921875,111.52210235595703,254.9151611328125,97.17527770996094,59.62137985229492,172.8800048828125
2022-05-10,151.3388671875,113.3895492553711,259.655517578125,98.05662536621094,59.963096618652344,171.4199981689453
2022-05-11,143.49325561523438,112.60400390625,251.0324249267578,99.94639587402344,59.60585021972656,172.82000732421875
2022-05-12,139.63412475585938,111.8521728515625,246.02236938476562,99.75995635986328,59.582542419433594,170.1699981689453
2022-05-13,144.0907440185547,115.0304946899414,251.5816192626953,98.28541564941406,59.65245056152344,168.7899932861328
2022-05-16,142.55296325683594,113.4391098022461,251.94772338867188,98.1837158203125,59.567020416259766,170.39999389648438
2022-05-17,146.17698669433594,115.44928741455078,257.07342529296875,96.9973373413086,59.512657165527344,169.3300018310547
2022-05-18,137.9298553466797,110.91598510742188,245.36892700195312,99.0650634765625,59.02338790893555,169.4199981689453
2022-05-19,134.5310516357422,109.41381072998047,244.4611358642578,99.30235290527344,59.41946029663086,171.91000366210938
2022-05-20,134.76609802246094,107.9507827758789,243.90101623535156,100.4294662475586,59.380619049072266,172.02999877929688
2022-05-23,140.1728515625,110.50810241699219,251.71368408203125,98.77694702148438,59.6136360168457,172.8300018310547
2022-05-24,137.47930908203125,105.0385971069336,250.71897888183594,100.72604370117188,59.970848083496094,174.1300048828125
2022-05-25,137.63597106933594,104.87504577636719,253.5196533203125,101.12432861328125,60.87952423095703,173.0800018310547
2022-05-26,140.82907104492188,106.8450927734375,256.78369140625,100.66670989990234,61.726043701171875,172.75999450683594
2022-05-27,146.5688018798828,111.32931518554688,263.8720397949219,100.9124755859375,62.27745056152344,172.85000610351562
2022-05-31,145.78521728515625,112.76211547851562,262.5489196777344,98.77694702148438,61.7415657043457,171.13999938964844
2022-06-01,145.6578826904297,112.89098358154297,263.0801086425781,98.6640396118164,61.513118743896484,172.22999572753906
2022-06-02,148.10659790039062,116.58867645263672,265.16607666015625,98.7149887084961,61.77042007446289,174.35000610351562
2022-06-03,142.39625549316406,113.53425598144531,260.7623596191406,98.50275421142578,61.310420989990234,172.5800018310547
2022-06-06,143.14065551757812,115.79373168945312,259.53594970703125,96.6860122680664,60.85042190551758,171.82000732421875
2022-06-07,145.6578826904297,116.1198501586914,263.1574401855469,97.73020935058594,60.990806579589844,172.94000244140625
2022-06-08,144.92327880859375,116.16395568847656,261.13897705078125,96.86429595947266,60.46840286254883,172.77999877929688
2022-06-09,139.71249389648438,113.826171875,255.71170043945312,97.18685913085938,59.98504638671875,172.22999572753906
2022-06-10,134.31556701660156,110.1844711303711,244.31631469726562,96.58415985107422,58.9637336730957,174.5399932861328
2022-06-13,129.17333984375,105.45738983154297,233.95416259765625,93.55341339111328,56.99126052856445,169.92999267578125
2022-06-14,130.03521728515625,105.77755737304688,236.1077117919922,92.37337493896484,57.365478515625,168.57000732421875
2022-06-15,132.65042114257812,108.79975891113281,243.12844848632812,94.09671783447266,58.48036575317383,170.77000427246094
2022-06-16,127.39068603515625,105.1015396118164,236.57125854492188,94.84379577636719,57.55258560180664,172.69000244140625
2022-06-17,128.85986328125,106.20178985595703,239.1593475341797,95.14944458007812,57.73191833496094,171.27000427246094
2022-06-21,133.08143615722656,110.56361389160156,245.04058837890625,93.53640747070312,57.69292068481445,170.6300048828125
2022-06-22,132.57212829589844,110.50761413574219,244.45150756835938,96.10871887207031,57.67734146118164,171.30999755859375
2022-06-23,135.43215942382812,111.2554702758789,249.98501586914062,96.89823150634766,58.09052658081055,170.25999450683594
2022-06-24,138.75259399414062,116.93807220458984,258.5220031738281,95.5569076538086,58.50373840332031,170.08999633789062
2022-06-27,138.75259399414062,114.81541442871094,255.80836486816406,94.7419204711914,58.14512252807617,169.89999389648438
2022-06-28,134.61920166015625,111.02303314208984,247.68663024902344,95.18335723876953,57.505821228027344,169.6199951171875
2022-06-29,136.37242126464844,110.71971893310547,251.33705139160156,96.66902160644531,57.4200553894043,169.49000549316406
2022-06-30,133.91397094726562,108.00528717041016,248.02464294433594,97.51799774169922,57.38886642456055,168.4600067138672
2022-07-01,136.07859802246094,107.78177642822266,250.68038940429688,98.51914978027344,57.93629455566406,168.32000732421875
2022-07-05,138.65464782714844,112.26749420166016,253.8382110595703,99.29322052001953,57.88146209716797,164.75
2022-07-06,139.98672485351562,113.56500244140625,257.0830383300781,97.62596130371094,57.66218566894531,162.13999938964844
2022-07-07,143.34632873535156,117.73897552490234,259.1979675292969,96.76685333251953,58.601951599121094,162.22999572753906
2022-07-08,144.02220153808594,118.3044662475586,258.4833679199219,95.69506072998047,58.64895248413086,162.3000030517578
2022-07-11,141.89671325683594,114.6597900390625,255.44129943847656,97.34528350830078,58.32002258300781,161.42999267578125
2022-07-12,142.86642456054688,113.01834106445312,244.97296142578125,97.92372131347656,58.55494689941406,160.8300018310547
2022-07-13,142.5039825439453,110.37477111816406,244.05552673339844,99.04651641845703,58.4922981262207,161.60000610351562
2022-07-14,145.4228057861328,109.39744567871094,245.36892700195312,98.23844146728516,58.382667541503906,159.3300018310547
2022-07-15,147.08795166015625,110.7950439453125,247.91842651367188,98.79133605957031,59.12663650512695,159.00999450683594
2022-07-18,144.05152893066406,108.07169342041016,245.5330810546875,97.76206970214844,58.55494689941406,159.16000366210938
2022-07-19,147.90090942382812,112.80970001220703,250.63204956054688,97.23472595214844,59.33025360107422,159.5399932861328
2022-07-20,149.8990020751953,112.89889526367188,253.2781219482422,97.4898910522461,59.58869171142578,158.0399932861328
2022-07-21,152.16165161132812,113.33502960205078,255.75999450683594,99.17413330078125,60.29352569580078,160.27000427246094
2022-07-22,150.927490234375,106.9516372680664,251.43360900878906,100.84133911132812,60.21519088745117,160.6699981689453
2022-07-25,149.81088256835938,106.56507110595703,249.95608520507812,99.8546142578125,60.19952392578125,160.22999572753906
2022-07-26,148.48855590820312,104.09693908691406,243.263671875,99.93118286132812,59.776668548583984,160.0399932861328
2022-07-27,153.57205200195312,112.06629180908203,259.52630615234375,99.3697738647461,60.43449020385742,161.6699981689453
2022-07-28,154.12059020996094,113.21609497070312,266.9333190917969,100.16085052490234,61.05316925048828,163.63999938964844
2022-07-29,159.1746368408203,115.29763793945312,271.1148986816406,99.88864135742188,61.23328399658203,164.10000610351562
2022-08-01,158.1951904296875,113.8504638671875,268.4784851074219,102.2943344116211,61.252132415771484,165.02999877929688
2022-08-02,156.72596740722656,114.11808776855469,265.3978271484375,100.12981414794922,60.9691276550293,164.0500030517578
2022-08-03,162.7203826904297,117.04216766357422,272.7855529785156,101.70630645751953,61.503726959228516,164.4499969482422
2022-08-04,162.40692138671875,117.15119171142578,273.92510986328125,101.6722412109375,61.66881561279297,167.1699981689453
2022-08-05,162.18133544921875,116.43751525878906,273.21051025390625,99.25209045410156,61.35432815551758,165.2899932861328
2022-08-08,161.7105255126953,116.2690200805664,270.70928955078125,100.85415649414062,61.409393310546875,166.69000244140625
2022-08-09,161.75958251953125,115.60490417480469,272.62139892578125,100.46215057373047,60.953392028808594,167.1999969482422
2022-08-10,165.99684143066406,118.64791870117188,279.2461853027344,99.80596923828125,61.86537551879883,166.77999877929688
2022-08-11,165.26116943359375,117.79547882080078,277.1795654296875,97.47955322265625,61.511566162109375,166.33999633789062
2022-08-12,168.80198669433594,120.61051940917969,281.9019470214844,98.46808624267578,62.06189727783203,167.8699951171875
2022-08-15,169.87110900878906,121.00699615478516,283.408447265625,98.38285064697266,61.95185470581055,165.7100067138672
2022-08-16,169.71417236328125,120.63035583496094,282.6745300292969,98.79188537597656,61.66097640991211,165.4199981689453
2022-08-17,171.2050323486328,118.4992446899414,281.9293212890625,97.76079559326172,61.02415084838867,164.35000610351562
2022-08-18,170.8126983642578,119.11378479003906,280.8163757324219,97.9056625366211,61.118507385253906,163.9199981689453
2022-08-19,168.23309326171875,116.1798095703125,276.9259338378906,96.32915496826172,60.49738311767578,162.72000122070312
2022-08-22,164.3588104248047,113.23590087890625,268.7967224121094,96.00531768798828,59.81342315673828,161.63999938964844
2022-08-23,164.02532958984375,112.8592529296875,267.52899169921875,95.4769515991211,59.96279525756836,162.77000427246094
2022-08-24,164.31954956054688,112.69074249267578,266.8999938964844,94.77819061279297,60.03353500366211,163.25
2022-08-25,166.7716522216797,115.6247329711914,269.86126708984375,96.09906768798828,60.59959411621094,163.75
2022-08-26,160.48451232910156,109.37019348144531,259.4481201171875,96.82341766357422,59.60112380981445,161.75999450683594
2022-08-29,158.2874298095703,108.45826721191406,256.6803283691406,96.02234649658203,59.373130798339844,161.86000061035156
2022-08-30,155.86474609375,107.98249816894531,254.4931640625,96.26095581054688,58.917152404785156,160.50999450683594
2022-08-31,154.20709228515625,107.2688217163086,253.04150390625,95.34060668945312,58.59481430053711,159.27000427246094
2022-09-01,154.93295288085938,108.77547454833984,252.00601196289062,93.59510803222656,58.74969482421875,157.8699951171875
2022-09-02,152.8241424560547,106.90206146240234,247.80592346191406,94.12458038330078,58.710166931152344,159.25999450683594
2022-09-06,151.56869506835938,105.87120819091797,245.0865020751953,91.79324340820312,58.55216598510742,158.3300018310547
2022-09-07,152.9713134765625,108.48802185058594,249.77044677734375,93.24497985839844,59.39751434326172,159.94000244140625
2022-09-08,151.50003051757812,107.42741394042969,250.18661499023438,92.28852844238281,59.65825271606445,158.97999572753906
2022-09-09,154.35426330566406,109.67745971679688,255.93511962890625,92.49348449707031,59.895259857177734,159.82000732421875
2022-09-12,160.29811096191406,109.88562774658203,258.0544738769531,91.73347473144531,60.076988220214844,160.6300048828125
2022-09-13,150.8919219970703,103.4030990600586,243.8671417236328,91.94692993164062,58.710166931152344,158.5399932861328
2022-09-14,152.33375549316406,104.0771255493164,244.0897216796875,92.26293182373047,58.797088623046875,157.92999267578125
2022-09-15,149.4500732421875,102.00550079345703,237.47015380859375,92.203125,58.42574691772461,154.97999572753906
2022-09-16,147.81207275390625,101.8964614868164,236.850830078125,91.43455505371094,58.62324905395508,155.83999633789062
2022-09-19,151.51966857910156,102.16410064697266,236.63795471191406,91.64805603027344,58.844505310058594,155.9600067138672
2022-09-20,153.8932647705078,100.25103759765625,234.6346435546875,90.73434448242188,58.244014739990234,155.07000732421875
2022-09-21,150.77420043945312,98.40739440917969,231.2474365234375,92.2543716430664,58.07020568847656,155.7899932861328
2022-09-22,149.81298828125,99.25983428955078,233.21202087402344,89.89743041992188,57.72257995605469,155.6999969482422
2022-09-23,147.54727172851562,97.87214660644531,230.2506866455078,90.26465606689453,56.9878044128418,153.00999450683594
2022-09-26,147.8807373046875,97.30715942382812,229.79580688476562,88.53958892822266,56.31623077392578,151.22999572753906
2022-09-27,148.85177612304688,96.64302825927734,228.78929138183594,86.2082748413086,56.19774627685547,151.5399932861328
2022-09-28,146.9685516357422,99.17063903808594,233.29910278320312,89.09471893310547,57.201141357421875,154.69000244140625
2022-09-29,139.74961853027344,96.56373596191406,229.84420776367188,88.63353729248047,56.66390609741211,154.66000366210938
2022-09-30,135.5515899658203,94.80931091308594,225.39244079589844,87.48921966552734,56.403167724609375,154.6699981689453
2022-10-03,139.72021484375,97.77302551269531,232.97975158691406,88.87939453125,57.142364501953125,158.42999267578125
2022-10-04,143.3002166748047,100.74665832519531,240.85731506347656,88.63114929199219,58.373016357421875,160.6999969482422
2022-10-05,143.594482421875,100.53850555419922,241.1670379638672,87.78369140625,58.14276885986328,159.80999755859375
2022-10-06,142.64309692382812,100.52859497070312,238.834716796875,87.29576110839844,57.968082427978516,159.6300048828125
2022-10-07,137.40541076660156,97.81267547607422,226.68930053710938,86.44832611083984,57.261451721191406,157.8800048828125
2022-10-10,137.72906494140625,96.99987030029297,221.8601837158203,85.10436248779297,56.56275177001953,155.47999572753906
2022-10-11,136.31666564941406,96.32585906982422,218.14395141601562,85.48102569580078,56.73743438720703,155.16000366210938
2022-10-12,135.68894958496094,96.70249938964844,218.47296142578125,85.90046691894531,56.83271026611328,155.99000549316406
2022-10-13,140.24986267089844,98.18932342529297,226.68930053710938,85.07870483398438,56.9597282409668,154.91000366210938
2022-10-14,135.7281494140625,95.7113037109375,221.19235229492188,84.37680053710938,56.77713394165039,152.97999572753906
2022-10-17,139.68096923828125,99.0913314819336,229.87319946289062,83.96590423583984,57.475833892822266,153.4199981689453
2022-10-18,140.9952850341797,99.88430786132812,230.8119659423828,84.16279602050781,57.88075637817383,153.75
2022-10-19,141.10317993164062,98.75431823730469,228.85707092285156,82.6305160522461,57.324974060058594,151.69000244140625
2022-10-20,140.6421356201172,99.0913314819336,228.53765869140625,81.21809387207031,57.007381439208984,151.4499969482422
2022-10-21,144.44784545898438,100.24113464355469,234.31529235839844,79.75436401367188,57.55522155761719,154.14999389648438
2022-10-24,146.58602905273438,101.61891174316406,239.27987670898438,79.09520721435547,57.59492874145508,153.64999389648438
2022-10-25,149.420654296875,103.56169891357422,242.57994079589844,81.39787292480469,58.15069580078125,154.0
2022-10-26,146.4879608154297,94.09562683105469,223.86341857910156,82.5705795288086,58.30949783325195,154.97999572753906
2022-10-27,142.0251922607422,91.40945434570312,219.4407501220703,83.4351577758789,58.73825454711914,154.74000549316406
2022-10-28,152.7555389404297,95.44367980957031,228.2667236328125,82.86165618896484,59.190799713134766,153.16000366210938
2022-10-31,150.4014892578125,93.6793212890625,224.64727783203125,82.27099609375,58.30155944824219,151.91000366210938
2022-11-01,147.76304626464844,89.67483520507812,220.81492614746094,83.03986358642578,58.65222930908203,153.4600067138672
2022-11-02,142.25071716308594,86.2055892944336,213.00511169433594,82.679443359375,58.118255615234375,152.38999938964844
2022-11-03,136.21859741210938,82.69671630859375,207.34365844726562,82.23323059082031,57.703792572021484,151.80999755859375
2022-11-04,135.9533233642578,85.81902313232422,214.25347900390625,80.85166931152344,58.10231399536133,156.47000122070312
2022-11-07,136.48387145996094,87.71223449707031,220.52459716796875,80.04501342773438,58.09434127807617,155.85000610351562
2022-11-08,137.05369567871094,88.1186294555664,221.49237060546875,80.9203109741211,58.03853225708008,159.4499969482422
2022-11-09,132.5048828125,86.5525131225586,217.27293395996094,81.18634033203125,57.34513473510742,158.64999389648438
2022-11-10,144.29443359375,93.11434936523438,235.1475372314453,84.30984497070312,59.13044357299805,163.47999572753906
2022-11-11,147.0748291015625,95.56262969970703,239.14443969726562,84.00096130371094,59.33766555786133,164.55999755859375
2022-11-14,145.6797332763672,94.85885620117188,233.76365661621094,83.79499053955078,58.89933776855469,164.9199981689453
2022-11-15,147.4088897705078,97.57479095458984,234.1701202392578,85.15083312988281,59.417381286621094,165.5
2022-11-16,146.18080139160156,97.98118591308594,234.5971221923828,87.01293182373047,59.289852142333984,165.1199951171875
2022-11-17,148.0769805908203,97.4954833984375,234.54859924316406,86.09475708007812,59.034793853759766,163.9199981689453
2022-11-18,148.63694763183594,96.57366180419922,234.10215759277344,85.5026626586914,59.16233444213867,162.7899932861328
2022-11-21,145.4144287109375,94.7597427368164,234.9076690673828,85.86308288574219,59.13841247558594,161.8800048828125
2022-11-22,147.54641723632812,96.19700622558594,237.7997589111328,87.08161163330078,59.56880569458008,162.07000732421875
2022-11-23,148.4208221435547,97.59459686279297,240.27450561523438,88.60045623779297,59.903568267822266,163.0800018310547
2022-11-25,145.51271057128906,96.60338592529297,240.18714904785156,88.30010986328125,59.78398513793945,163.22000122070312
2022-11-28,141.69093322753906,95.205810546875,234.62625122070312,88.54899597167969,59.154354095458984,161.92999267578125
2022-11-29,138.6943817138672,94.35335540771484,233.2384490966797,87.51066589355469,59.40940856933594,162.72999572753906
2022-11-30,145.43409729003906,100.10236358642578,247.6114044189453,88.15422821044922,60.30205154418945,164.80999755859375
2022-12-01,145.70919799804688,100.10236358642578,247.1746826171875,90.97040557861328,60.52537155151367,167.83999633789062
2022-12-02,145.21795654296875,99.55719757080078,247.49497985839844,92.1144027709961,60.47734832763672,167.25999450683594
2022-12-05,144.05865478515625,98.60565185546875,242.8171844482422,90.82418823242188,59.90106964111328,164.38999938964844
2022-12-06,140.40390014648438,96.12760925292969,237.88705444335938,91.99396514892578,59.68494415283203,164.83999633789062
2022-12-07,138.46844482421875,94.10555267333984,237.1591796875,94.16157531738281,60.01310729980469,166.3300018310547
2022-12-08,140.1484375,92.88636016845703,240.0998077392578,93.90355682373047,60.0611457824707,166.47000122070312
2022-12-09,139.6670379638672,92.01408386230469,238.17823791503906,91.460693359375,60.0611457824707,167.05999755859375
2022-12-12,141.95619201660156,92.48986053466797,245.05902099609375,91.75313568115234,60.293243408203125,165.67999267578125
2022-12-13,142.9189910888672,94.78947448730469,249.33888244628906,92.63908386230469,60.91755294799805,168.50999450683594
2022-12-14,140.69863891601562,94.2343978881836,249.63009643554688,93.03478240966797,60.57338333129883,168.10000610351562
2022-12-15,134.10629272460938,90.06140899658203,241.66229248046875,93.39778900146484,60.34490203857422,165.35000610351562
2022-12-16,132.15118408203125,89.4666748046875,237.46975708007812,92.35447692871094,60.023033142089844,166.7899932861328
2022-12-19,130.04873657226562,87.66268157958984,233.35488891601562,90.80243682861328,59.717308044433594,166.32000732421875
2022-12-20,129.97994995117188,88.23756408691406,234.66506958007812,89.19001770019531,59.56441116333008,169.0800018310547
2022-12-21,133.07470703125,88.79266357421875,237.21739196777344,89.41424560546875,60.07131576538086,168.8000030517578
2022-12-22,129.91116333007812,86.98866271972656,231.1615753173828,89.39698028564453,59.70119857788086,166.75999450683594
2022-12-23,129.5476837158203,88.44573211669922,231.68560791015625,88.08639526367188,59.854061126708984,167.25999450683594
2022-12-27,127.74974822998047,86.62190246582031,229.96786499023438,86.34465026855469,59.23455810546875,168.6699981689453
2022-12-28,123.8297348022461,85.26394653320312,227.60960388183594,85.83592224121094,58.43796920776367,167.91000366210938
2022-12-29,127.33712005615234,87.67259216308594,233.89834594726562,86.810302734375,59.19431686401367,168.85000610351562
2022-12-30,127.65150451660156,87.45452117919922,232.7434844970703,85.84457397460938,59.24259567260742,169.63999938964844
2023-01-03,122.87674713134766,88.3366928100586,232.5105743408203,87.48284149169922,59.35523986816406,171.05999755859375
2023-01-04,124.14411926269531,87.30583953857422,222.3397979736328,88.68132781982422,60.039146423339844,172.6699981689453
2023-01-05,122.8276138305664,85.4423599243164,215.75013732910156,89.05208587646484,59.9184455871582,170.52000427246094
2023-01-06,127.34693145751953,86.57234191894531,218.29281616210938,90.69033813476562,60.771305084228516,173.7100067138672
2023-01-09,127.86767578125,87.24636840820312,220.41822814941406,91.17320251464844,60.98857879638672,174.10000610351562
2023-01-10,128.4374542236328,87.6428451538086,222.09716796875,89.66427612304688,60.91614532470703,174.74000549316406
2023-01-11,131.14910888671875,90.7155990600586,228.81297302246094,91.1214828491211,61.31844711303711,174.6199951171875
2023-01-12,131.07049560546875,90.32903289794922,231.47210693359375,92.91493225097656,61.6644287109375,176.63999938964844
2023-01-13,132.39678955078125,91.31034088134766,232.1708526611328,92.04407501220703,61.6644287109375,178.75999450683594
2023-01-17,133.5561065673828,90.48763275146484,233.25782775878906,91.4491195678711,61.455230712890625,177.58999633789062
2023-01-18,132.8389434814453,90.31912231445312,228.85182189941406,93.66506958007812,61.52763366699219,177.0800018310547
2023-01-19,132.8979034423828,92.23216247558594,225.08627319335938,93.07872009277344,61.16558074951172,179.88999938964844
2023-01-20,135.4522705078125,97.1584701538086,233.13168334960938,91.56982421875,61.2862548828125,179.2899932861328
2023-01-23,138.635498046875,98.91291809082031,235.4220428466797,91.13872528076172,61.27821350097656,179.6300048828125
2023-01-24,140.0305633544922,96.8412857055664,234.89797973632812,92.4493408203125,61.31844711303711,180.27999877929688
2023-01-25,139.37229919433594,94.38307189941406,233.5101776123047,92.67350769042969,61.31040573120117,181.11000061035156
2023-01-26,141.43548583984375,96.66284942626953,240.68209838867188,92.24240112304688,61.46327209472656,179.47000122070312
2023-01-27,143.37095642089844,98.4966049194336,240.83740234375,92.00957489013672,61.27821350097656,179.22000122070312
2023-01-30,140.49234008789062,96.08796691894531,235.54820251464844,91.67330932617188,60.940303802490234,178.75999450683594
2023-01-31,141.75970458984375,97.97126007080078,240.49774169921875,92.40620422363281,61.4150276184082,179.41000366210938
2023-02-01,142.87969970703125,99.54730224609375,245.29196166992188,93.51704406738281,62.0601692199707,181.6699981689453
2023-02-02,148.17518615722656,106.79302978515625,256.7923583984375,93.63806915283203,62.415931701660156,177.89999389648438
2023-02-03,151.79063415527344,103.85906219482422,250.72669982910156,92.23763275146484,61.76103210449219,173.4600067138672
2023-02-06,149.06922912597656,101.9955825805664,249.1933135986328,91.55476379394531,61.364898681640625,173.82000732421875
2023-02-07,151.93801879882812,106.69391632080078,259.6650085449219,90.8199462890625,61.583160400390625,173.97999572753906
2023-02-08,149.2559051513672,98.4966049194336,258.85943603515625,91.25215148925781,61.324432373046875,174.41000366210938
2023-02-09,148.2243194580078,94.17493438720703,255.8411407470703,90.38770294189453,60.92829513549805,173.02999877929688
2023-02-10,148.58839416503906,93.7387924194336,255.33653259277344,89.37626647949219,60.45934295654297,173.36000061035156
2023-02-13,151.38284301757812,93.7784423828125,263.3139953613281,90.12837219238281,60.612979888916016,172.47999572753906
2023-02-14,150.7432403564453,93.84783172607422,264.138916015625,89.92090606689453,60.62915802001953,172.61000061035156
2023-02-15,152.83908081054688,96.08796691894531,262.0277099609375,89.08236694335938,60.53211975097656,170.88999938964844
2023-02-16,151.2450714111328,94.67054748535156,255.05177307128906,87.82026672363281,60.04703140258789,170.75
2023-02-17,150.1036834716797,93.5207290649414,251.072509765625,88.50315856933594,60.281497955322266,171.25999450683594
2023-02-21,146.09890747070312,90.98323059082031,245.82846069335938,86.78289794921875,59.35171127319336,170.6199951171875
2023-02-22,146.5220489501953,90.8444595336914,244.69992065429688,87.57821655273438,59.73979568481445,169.66000366210938
2023-02-23,147.00418090820312,90.09114074707031,247.8716278076172,88.4340591430664,60.33000946044922,169.57000732421875
2023-02-24,144.3572998046875,88.34658813476562,242.47190856933594,87.28431701660156,59.96617889404297,168.35000610351562
2023-02-27,145.5478973388672,89.08010864257812,243.386474609375,87.5263442993164,60.37041091918945,169.00999450683594
2023-02-28,145.04611206054688,89.26844024658203,242.66647338867188,87.92401885986328,60.257232666015625,169.77999877929688
2023-03-01,142.9797821044922,89.56580352783203,239.6017608642578,86.97942352294922,60.08641052246094,170.75999450683594
2023-03-02,143.57015991210938,91.1913833618164,244.3107147216797,86.20814514160156,60.159629821777344,170.66000366210938
2023-03-03,148.6080322265625,92.82689666748047,248.37753295898438,88.29661560058594,60.777809143066406,172.49000549316406
2023-03-06,151.3631591796875,94.29387664794922,249.91476440429688,87.61200714111328,60.777809143066406,171.6199951171875
2023-03-07,149.1688995361328,93.0350341796875,247.26840209960938,88.1493148803711,60.346702575683594,168.6199951171875
2023-03-08,150.41854858398438,93.4216079711914,246.8306121826172,88.23597717285156,60.06199645996094,168.5399932861328
2023-03-09,148.17514038085938,91.50857543945312,245.48797607421875,88.45262145996094,59.728538513183594,170.1999969482422
2023-03-10,146.11865234375,89.83342742919922,241.85897827148438,91.50302124023438,59.736656188964844,173.8699951171875
2023-03-13,148.05703735351562,90.3092041015625,247.04466247558594,91.71099090576172,59.411293029785156,177.86000061035156
2023-03-14,150.14306640625,93.1440658569336,253.7286376953125,90.203125,59.842403411865234,176.8300018310547
2023-03-15,150.53663635253906,95.26526641845703,258.25274658203125,91.9449691772461,59.64716720581055,178.2100067138672
2023-03-16,153.3507843017578,99.43824768066406,268.721435546875,91.2256851196289,60.03761291503906,178.57000732421875
2023-03-17,152.51437377929688,100.7268295288086,271.8638610839844,92.59489440917969,59.679718017578125,183.77000427246094
2023-03-20,154.87591552734375,100.33036041259766,264.85888671875,91.78032684326172,59.51704788208008,183.83999633789062
2023-03-21,156.72576904296875,103.99781799316406,266.366943359375,90.99172973632812,60.167747497558594,180.3699951171875
2023-03-22,155.2990264892578,102.4614486694336,264.9172058105469,92.2049560546875,60.224693298339844,183.44000244140625
2023-03-23,156.38134765625,104.67184448242188,270.1418151855469,92.2049560546875,59.98882293701172,185.74000549316406
2023-03-24,157.68020629882812,104.51327514648438,272.9730529785156,92.59489440917969,59.866798400878906,183.64999389648438
2023-03-27,155.7417449951172,101.55944061279297,268.89654541015625,90.41973876953125,59.72037887573242,181.9499969482422
2023-03-28,155.12191772460938,100.14201354980469,267.777587890625,90.58443450927734,59.6878547668457,183.44000244140625
2023-03-29,158.19187927246094,100.49884796142578,272.9147033691406,90.40245056152344,60.43617248535156,182.52999877929688
2023-03-30,159.75636291503906,100.00325775146484,276.3587951660156,90.81840515136719,60.794063568115234,184.17999267578125
2023-03-31,162.25563049316406,102.81829071044922,280.49371337890625,92.17894744873047,61.45294952392578,183.22000122070312
2023-04-03,163.5052947998047,103.44275665283203,279.45269775390625,92.6124496459961,61.40557861328125,184.5399932861328
2023-04-04,162.9739227294922,103.79959869384766,279.4040832519531,93.07292175292969,61.22578048706055,187.97999572753906
2023-04-05,161.13388061523438,103.5517807006836,276.6409606933594,94.04595947265625,60.88261795043945,187.8300018310547
2023-04-06,162.01950073242188,107.46707153320312,283.7043762207031,94.2892074584961,61.15223693847656,186.49000549316406
2023-04-10,159.431640625,105.50447082519531,281.5542297363281,92.76884460449219,61.09505081176758,185.11000061035156
2023-04-11,158.2213897705078,104.42405700683594,275.17181396484375,92.95995330810547,61.22578048706055,186.27999877929688
2023-04-12,157.5326385498047,103.72029113769531,275.8139953613281,92.86441802978516,61.20943832397461,187.19000244140625
2023-04-13,162.90504455566406,106.48577117919922,281.9920654296875,92.1346206665039,61.62615966796875,189.72000122070312
2023-04-14,162.56068420410156,107.91311645507812,278.3921813964844,91.29188537597656,61.511775970458984,186.36000061035156
2023-04-17,162.580322265625,105.0385971069336,280.980224609375,90.20592498779297,61.34834671020508,185.52999877929688
2023-04-18,163.80044555664062,103.5815200805664,280.5618591308594,90.52738189697266,61.389190673828125,186.25
2023-04-19,164.94187927246094,103.26433563232422,280.63970947265625,90.44049835205078,61.14409637451172,185.36000061035156
2023-04-20,163.97756958007812,104.36457824707031,278.363037109375,91.2137222290039,61.08688735961914,186.08999633789062
2023-04-21,162.3737030029297,104.48353576660156,278.02252197265625,90.70116424560547,61.27481460571289,184.25
2023-04-24,162.67872619628906,105.0385971069336,274.1405334472656,91.57860565185547,61.44639205932617,184.80999755859375
2023-04-25,161.14378356933594,102.9372329711914,267.9625244140625,92.92523193359375,61.34834671020508,185.75
2023-04-26,161.13388061523438,102.79845428466797,287.3722839355469,91.934814453125,61.11142349243164,184.74000549316406
2023-04-27,165.70936584472656,106.64435577392578,296.5761413574219,91.0225830078125,61.31568145751953,184.75
2023-04-28,166.95895385742188,106.39656066894531,298.9403381347656,92.4908447265625,61.57713317871094,184.8000030517578
2023-05-01,166.87042236328125,106.25778198242188,297.286376953125,89.82388305664062,61.29486846923828,183.97000122070312
2023-05-02,165.83726501464844,104.39431762695312,297.1404113769531,92.06233215332031,61.237403869628906,187.52000427246094
2023-05-03,164.76473999023438,104.48353576660156,296.15777587890625,92.57617950439453,61.204566955566406,189.11000061035156
2023-05-04,163.13134765625,103.76985168457031,297.1404113769531,91.66165924072266,61.0240478515625,190.44000244140625
2023-05-05,170.7865753173828,104.64212036132812,302.2386169433594,91.35682678222656,61.352298736572266,187.4600067138672
2023-05-08,170.71771240234375,106.82278442382812,300.2926940917969,90.07648468017578,61.179954528808594,187.69000244140625
2023-05-09,169.0154571533203,106.4064712524414,298.6874084472656,89.75422668457031,61.0240478515625,189.02000427246094
2023-05-10,170.77676391601562,110.7677993774414,303.8536376953125,90.62519836425781,61.39331817626953,188.75
2023-05-11,170.9636993408203,115.54544067382812,301.7132263183594,91.58329772949219,61.29486846923828,187.1300048828125
2023-05-12,170.03750610351562,116.4771728515625,300.6040344238281,90.81684112548828,61.07327651977539,186.80999755859375
2023-05-15,169.54486083984375,115.4859619140625,301.080810546875,89.87618255615234,61.05683898925781,187.2100067138672
2023-05-16,169.54486083984375,118.45958709716797,303.299072265625,89.60616302490234,60.63010025024414,184.8699951171875
2023-05-17,170.15573120117188,119.77789306640625,306.1657409667969,89.3448715209961,60.79425048828125,184.22999572753906
2023-05-18,172.48109436035156,121.75041961669922,310.57293701171875,88.68293762207031,60.82708740234375,181.83999633789062
2023-05-19,172.58949279785156,121.6810302734375,310.39739990234375,88.05580139160156,60.8927001953125,183.63999938964844
2023-05-22,171.6436004638672,123.9509048461914,313.1666259765625,87.74225616455078,61.16353225708008,183.2100067138672
2023-05-23,169.04232788085938,121.48277282714844,307.3943176269531,87.994873046875,60.84348678588867,183.42999267578125
2023-05-24,169.31820678710938,119.83737182617188,306.0194396972656,87.55937194824219,60.41674041748047,181.9499969482422
2023-05-25,170.45135498046875,122.39469909667969,317.7882995605469,87.34159851074219,60.375709533691406,180.1999969482422
2023-05-26,172.8555145263672,123.51476287841797,324.58447265625,88.04710388183594,60.74501419067383,180.9199981689453
2023-05-30,174.69808959960938,122.58304595947266,322.9462890625,88.9267807006836,61.00761032104492,182.0399932861328
2023-05-31,174.64881896972656,121.79006958007812,320.1966857910156,89.70198822021484,60.818870544433594,182.32000732421875
2023-06-01,177.44711303710938,122.6325912475586,324.2820739746094,90.0539321899414,61.18413162231445,183.75999450683594
2023-06-02,178.29452514648438,123.57423400878906,327.0317687988281,89.06709289550781,61.49748992919922,181.0500030517578
2023-06-05,176.94464111328125,124.9024658203125,327.5582580566406,88.90118408203125,61.44802474975586,182.13999938964844
2023-06-06,176.58009338378906,126.19103240966797,325.35467529296875,89.42513275146484,61.54697036743164,182.33999633789062
2023-06-07,175.21046447753906,121.42330932617188,315.3117370605469,88.09772491455078,61.20887756347656,180.14999389648438
2023-06-08,177.9200897216797,121.06647491455078,317.144775390625,89.12818908691406,61.596439361572266,182.52999877929688
2023-06-09,178.3043975830078,121.15568542480469,318.6365661621094,89.0059585571289,61.612937927246094,182.0399932861328
2023-06-12,181.0928497314453,122.55328369140625,323.5703125,89.26793670654297,61.54697036743164,181.8800048828125
2023-06-13,180.61988830566406,122.74162292480469,325.9494934082031,88.38591003417969,61.621177673339844,180.5399932861328
2023-06-14,181.25047302246094,122.58304595947266,328.9233703613281,89.09327697753906,61.64592742919922,180.63999938964844
2023-06-15,183.2802734375,123.99054718017578,339.4149475097656,89.94912719726562,61.94279098510742,181.91000366210938
2023-06-16,182.2062530517578,122.44425201416016,333.78887939453125,89.59980010986328,61.78611373901367,181.6300048828125
2023-06-20,182.2949676513672,122.01803588867188,329.61572265625,90.2198257446289,61.621177673339844,179.75
2023-06-21,181.26039123535156,119.4904556274414,325.2377014160156,90.43815612792969,61.46451187133789,179.49000549316406
2023-06-22,184.25575256347656,122.0676040649414,331.23419189453125,89.34651947021484,61.2830924987793,177.7100067138672
2023-06-23,183.9404296875,121.26470947265625,326.6612243652344,90.23731994628906,61.1758918762207,178.1999969482422
2023-06-26,182.55108642578125,117.29986572265625,320.4014587402344,90.33335876464844,61.20887756347656,178.50999450683594
2023-06-27,185.30018615722656,117.28996276855469,326.2225036621094,90.09756469726562,61.4150505065918,177.69000244140625
2023-06-28,186.47274780273438,119.12370300292969,327.47052001953125,90.48184204101562,61.76960754394531,177.27999877929688
2023-06-29,186.80772399902344,118.05317687988281,326.6904602050781,88.8487548828125,61.60466766357422,177.08999633789062
2023-06-30,191.12347412109375,118.64791870117188,332.0435485839844,89.8967056274414,61.90152359008789,178.27000427246094
2023-07-03,189.63560485839844,118.84616088867188,329.55712890625,89.3870849609375,61.80455017089844,178.47000122070312
2023-07-05,188.5221710205078,120.6799087524414,329.71319580078125,88.53768157958984,61.61384963989258,177.83999633789062
2023-07-06,188.99513244628906,119.05431365966797,332.75531005859375,87.28551483154297,61.166175842285156,177.30999755859375
2023-07-07,187.8817596435547,118.42985534667969,328.8063659667969,86.7601089477539,61.22421646118164,178.63999938964844
2023-07-10,185.8421173095703,115.4264907836914,323.5508117675781,86.87394714355469,61.53095626831055,178.77999877929688
2023-07-11,185.31991577148438,116.11042785644531,324.17486572265625,87.32054138183594,61.86257553100586,179.4499969482422
2023-07-12,186.98509216308594,117.88469696044922,328.7868347167969,88.29251098632812,62.34340286254883,181.8800048828125
2023-07-13,187.74380493164062,123.44538116455078,334.11065673828125,89.22068786621094,62.71648025512695,182.00999450683594
2023-07-14,187.8916015625,124.3176498413086,336.62628173828125,88.69529724121094,62.2605094909668,181.42999267578125
2023-07-17,191.14317321777344,123.5544204711914,337.10406494140625,88.73908996582031,62.376556396484375,181.55999755859375
2023-07-18,190.886962890625,122.67223358154297,350.52069091796875,89.14191436767578,62.55065155029297,183.63999938964844
2023-07-19,192.2368621826172,120.95742797851562,346.2207336425781,90.1489028930664,62.60039520263672,183.6699981689453
2023-07-20,190.29579162597656,118.15231323242188,338.2156066894531,89.05432891845703,62.32682800292969,182.74000549316406
2023-07-21,189.1232452392578,118.96510314941406,335.19293212890625,89.08059692382812,62.484375,182.17999267578125
2023-07-24,189.92135620117188,120.46183776855469,336.4994812011719,88.75662231445312,62.376556396484375,181.39999389648438
2023-07-25,190.77859497070312,121.13585662841797,342.2230529785156,88.59025573730469,62.33513259887695,182.41000366210938
2023-07-26,191.64566040039062,128.13380432128906,329.3426513671875,88.67781066894531,62.58384323120117,183.3000030517578
2023-07-27,190.3844757080078,128.26266479492188,322.468505859375,86.95274353027344,62.086402893066406,180.4199981689453
2023-07-28,192.95616149902344,131.41470336914062,329.92767333984375,87.39933013916016,62.44289016723633,181.86000061035156
2023-07-31,193.5670623779297,131.55349731445312,327.5387878417969,87.60950469970703,62.59212875366211,182.35000610351562
2023-08-01,192.73939514160156,130.39378356933594,327.9483642578125,86.1738510131836,62.28224182128906,180.4600067138672
2023-08-02,189.75384521484375,127.25164031982422,319.3288879394531,85.25186157226562,62.015724182128906,179.60000610351562
2023-08-03,188.3645477294922,127.32100677490234,318.5098571777344,83.28498840332031,61.815765380859375,179.5399932861328
2023-08-04,179.31924438476562,126.9840087890625,319.60186767578125,84.76014709472656,62.18231201171875,180.19000244140625
2023-08-07,176.225341796875,130.37391662597656,321.8736877441406,83.92599487304688,62.29891586303711,179.77999877929688
2023-08-08,177.16140747070312,130.24508666992188,317.91497802734375,84.900634765625,62.43220520019531,178.63999938964844
2023-08-09,175.57504272460938,128.5203857421875,314.19036865234375,85.33969116210938,62.44052505493164,177.7899932861328
2023-08-10,175.35824584960938,128.55010986328125,314.8728942871094,83.93475341796875,62.423858642578125,177.60000610351562
2023-08-11,175.41744995117188,128.42123413085938,313.00079345703125,83.74161529541016,62.33224868774414,177.60000610351562
2023-08-14,177.06520080566406,130.1757049560547,315.9552307128906,83.55722045898438,62.323883056640625,177.05999755859375
2023-08-15,175.08200073242188,128.63931274414062,313.8295593261719,83.04793548583984,62.12398910522461,176.58999633789062
2023-08-16,174.21376037597656,127.56880187988281,313.06744384765625,82.39815521240234,61.932403564453125,175.57000732421875
2023-08-17,171.6780242919922,128.77809143066406,309.6280517578125,82.04693603515625,61.674171447753906,175.3000030517578
2023-08-18,172.16151428222656,126.33972930908203,309.2371520996094,82.33670043945312,61.71582794189453,175.3300018310547
2023-08-21,173.4934844970703,127.24171447753906,314.5135803222656,81.23910522460938,61.69916915893555,175.80999755859375
2023-08-22,174.86492919921875,127.94548797607422,315.0803527832031,81.86251831054688,61.73249816894531,176.10000610351562
2023-08-23,178.70301818847656,131.20655822753906,319.51641845703125,83.8908920288086,62.23226547241211,177.88999938964844
2023-08-24,174.02627563476562,128.63931274414062,312.64727783203125,83.33765411376953,61.890777587890625,177.85000610351562
2023-08-25,176.2265167236328,128.73846435546875,315.58843994140625,83.60989379882812,62.148963928222656,177.6199951171875
2023-08-28,177.78543090820312,129.85850524902344,316.29193115234375,83.69769287109375,62.38221740722656,178.1300048828125
2023-08-29,181.66297912597656,133.38723754882812,320.8941650390625,84.56697082519531,62.77370071411133,179.8699951171875
2023-08-30,185.14588928222656,134.68569946289062,321.2655029296875,84.47917938232422,62.748722076416016,180.32000732421875
2023-08-31,185.36294555664062,134.97314453125,320.2590026855469,84.85674285888672,62.707069396972656,180.02000427246094
2023-09-01,186.93173217773438,134.46763610839844,321.13848876953125,83.5347900390625,62.82509231567383,180.11000061035156
2023-09-05,187.1685028076172,134.57667541503906,325.9164733886719,82.36345672607422,62.41498947143555,178.63999938964844
2023-09-06,180.46913146972656,133.27818298339844,325.2618408203125,82.56602478027344,62.264366149902344,177.8300018310547
2023-09-07,175.19053649902344,134.0711669921875,322.35980224609375,82.79500579833984,62.47358703613281,178.02000427246094
2023-09-08,175.80223083496094,135.1813201904297,326.6200256347656,83.11209106445312,62.448486328125,178.0800018310547
2023-09-11,176.9665069580078,135.71658325195312,330.2060546875,82.5132064819336,62.557281494140625,178.41000366210938
2023-09-12,173.9473419189453,134.1504669189453,324.1772155761719,82.98877716064453,62.45683670043945,177.49000549316406
2023-09-13,171.8852081298828,135.5084228515625,328.36907958984375,82.97116088867188,62.62422561645508,177.0800018310547
2023-09-14,173.39480590820312,136.88621520996094,330.9486999511719,82.37228393554688,62.69956588745117,177.1699981689453
2023-09-15,172.67453002929688,136.19236755371094,322.6627197265625,81.87028503417969,62.46522903442383,178.33999633789062
2023-09-18,175.59503173828125,136.99522399902344,321.5292663574219,82.33702087402344,62.507076263427734,179.38999938964844
2023-09-19,176.68038940429688,136.8267364501953,321.12860107421875,81.72938537597656,62.3145866394043,179.22000122070312
2023-09-20,173.14816284179688,132.56451416015625,313.428955078125,81.98477172851562,62.264366149902344,179.35000610351562
2023-09-21,171.6089324951172,129.29351806640625,312.21734619140625,79.8798828125,61.820823669433594,178.0500030517578
2023-09-22,172.45748901367188,129.10520935058594,309.75506591796875,80.5228042602539,61.92961502075195,178.6199951171875
2023-09-25,173.7302703857422,129.95765686035156,310.27294921875,78.54119110107422,61.84592819213867,177.6999969482422
2023-09-26,169.66526794433594,127.43995666503906,304.9964904785156,78.26819610595703,61.578125,176.27999877929688
2023-09-27,168.1556854248047,129.3926544189453,305.6316833496094,77.86306762695312,61.49443054199219,174.10000610351562
2023-09-28,168.41220092773438,131.14710998535156,306.4621887207031,78.10087585449219,61.787349700927734,173.22999572753906
2023-09-29,168.92526245117188,129.70982360839844,308.52386474609375,78.10968017578125,61.695289611816406,171.4499969482422
2023-10-02,171.43136596679688,132.99075317382812,314.43536376953125,76.80208587646484,61.320919036865234,169.64999389648438
2023-10-03,170.09938049316406,131.26605224609375,306.2179260253906,75.14994049072266,60.69834899902344,169.16000366210938
2023-10-04,171.3425750732422,134.05136108398438,311.66033935546875,76.21015930175781,61.00963592529297,169.13999938964844
2023-10-05,172.57589721679688,133.8828582763672,312.0512390136719,75.83025360107422,61.068504333496094,168.8300018310547
2023-10-06,175.12147521972656,136.37075805664062,319.7704772949219,74.91142272949219,61.15266036987305,169.6999969482422
2023-10-09,176.60145568847656,137.203369140625,322.2718811035156,76.6695785522461,61.6069450378418,172.82000732421875
2023-10-10,176.00946044921875,136.84654235839844,320.8746337890625,76.56356048583984,61.59013366699219,172.52999877929688
2023-10-11,177.400634765625,139.3146514892578,324.8124084472656,78.16268920898438,61.58169937133789,173.7899932861328
2023-10-12,178.29849243164062,137.74856567382812,323.58123779296875,76.04226684570312,61.253604888916016,173.25999450683594
2023-10-13,176.4633331298828,136.15269470214844,320.229736328125,77.40288543701172,61.203128814697266,178.8300018310547
2023-10-16,176.33505249023438,137.8773956298828,325.0273742675781,76.15713500976562,61.186309814453125,177.9600067138672
2023-10-17,174.78599548339844,138.49197387695312,324.4605712890625,75.31786346435547,60.90026092529297,178.2899932861328
2023-10-18,173.4934844970703,136.74745178222656,322.55523681640625,74.65518188476562,60.605804443359375,180.8699951171875
2023-10-19,173.11856079101562,136.53927612304688,323.7375793457031,73.12677764892578,60.38707733154297,183.08999633789062
2023-10-20,170.57296752929688,134.40817260742188,319.1940002441406,73.54200744628906,60.51328659057617,183.58999633789062
2023-10-23,170.69139099121094,135.30026245117188,321.7833251953125,74.42552185058594,60.757266998291016,182.97000122070312
2023-10-24,171.12548828125,137.58995056152344,322.965576171875,75.40618896484375,61.068504333496094,182.9499969482422
2023-10-25,168.81675720214844,124.5059814453125,332.8735656738281,73.72753143310547,60.74042892456055,183.72000122070312
2023-10-26,164.66290283203125,121.20524597167969,320.38604736328125,74.8584213256836,60.950782775878906,184.00999450683594
2023-10-27,165.97518920898438,121.09619903564453,322.2621154785156,74.54035949707031,60.87502670288086,186.14999389648438
2023-10-30,168.0175323486328,123.36608123779297,329.5903625488281,74.2046127319336,60.8918571472168,185.10000610351562
2023-10-31,168.49114990234375,122.98943328857422,330.3721618652344,73.84239959716797,61.051700592041016,184.08999633789062
2023-11-01,171.6484375,125.33859252929688,338.1500244140625,75.44347381591797,61.63363265991211,183.50999450683594
2023-11-02,175.20042419433594,126.36946105957031,340.3485107421875,77.16333770751953,62.327171325683594,184.1199951171875
2023-11-03,174.2926483154297,127.96532440185547,344.7259216308594,77.6863784790039,62.93614196777344,184.7899932861328
2023-11-06,176.83822631835938,129.10520935058594,348.3705749511719,76.93282318115234,62.682411193847656,183.35000610351562
2023-11-07,179.39369201660156,129.81887817382812,352.279052734375,78.06757354736328,62.69086456298828,182.58999633789062
2023-11-08,180.44943237304688,130.6812286376953,354.8879699707031,79.39737701416016,62.724700927734375,180.77000427246094
2023-11-09,179.97581481933594,129.0952911376953,352.4353942871094,77.57113647460938,62.33562469482422,181.49000549316406
2023-11-10,184.15487670898438,131.42462158203125,361.2098693847656,78.00550079345703,62.640113830566406,179.50999450683594
2023-11-13,182.57415771484375,130.9290313720703,358.288330078125,77.8282241821289,62.58089828491211,180.50999450683594
2023-11-14,185.18231201171875,132.44557189941406,361.796142578125,79.5924072265625,63.21525573730469,182.1199951171875
2023-11-15,185.74546813964844,133.43678283691406,361.9429931640625,78.47537231445312,63.01227569580078,181.63999938964844
2023-11-16,187.4250030517578,135.7264862060547,368.30718994140625,79.45056915283203,63.09685516357422,183.69000244140625
2023-11-17,187.40524291992188,134.1207275390625,362.11932373046875,79.82292175292969,63.24064254760742,183.6699981689453
2023-11-20,189.14402770996094,135.05245971679688,369.5506591796875,80.31049346923828,63.30830001831055,183.3699951171875
2023-11-21,188.34378051757812,135.7661590576172,365.27197265625,80.27506256103516,63.39289093017578,185.35000610351562
2023-11-22,189.0056915283203,137.27276611328125,369.9520568847656,80.55870056152344,63.502838134765625,184.55999755859375
2023-11-24,187.68185424804688,135.48858642578125,369.5407409667969,79.61013793945312,63.435184478759766,185.52000427246094
2023-11-27,187.50404357910156,135.21102905273438,370.69610595703125,80.93995666503906,63.52821731567383,186.77000427246094
2023-11-28,188.10667419433594,135.9940948486328,374.7006530761719,81.0994873046875,63.80730056762695,189.25999450683594
2023-11-29,187.0890655517578,133.8035430908203,370.9311828613281,82.1190185546875,64.15409851074219,189.5399932861328
2023-11-30,187.662109375,131.36514282226562,370.9898681640625,81.17044067382812,64.03568267822266,188.75
2023-12-01,188.9365692138672,130.70101928710938,366.68182373046875,82.69921875,64.56587219238281,192.00999450683594
2023-12-04,187.1483612060547,128.13380432128906,361.4241027832031,82.37015533447266,64.40444946289062,187.86000061035156
2023-12-05,191.09031677246094,129.8386993408203,364.7333984375,84.13992309570312,64.46392059326172,187.14999389648438
2023-12-06,190.0035400390625,128.87721252441406,361.0912170410156,85.26049041748047,64.47240447998047,187.83999633789062
2023-12-07,191.93006896972656,135.7264862060547,363.1962585449219,84.7713394165039,64.5828628540039,188.14999389648438
2023-12-08,193.35269165039062,133.8035430908203,366.40765380859375,84.07767486572266,64.4554214477539,185.63999938964844
2023-12-11,190.8531951904297,132.11849975585938,363.5389099121094,83.89979553222656,64.41295623779297,183.58999633789062
2023-12-12,192.36477661132812,131.35525512695312,366.5545349121094,84.14881896972656,64.55738830566406,183.49000549316406
2023-12-13,195.5756378173828,131.4048309326172,366.5447692871094,86.1231460571289,65.5429916381836,187.6300048828125
2023-12-14,195.7238006591797,130.78033447265625,358.2812194824219,88.36344909667969,65.83245849609375,188.72999572753906
2023-12-15,195.19032287597656,131.43455505371094,362.9808349609375,88.46160888671875,65.68730926513672,187.0
2023-12-18,193.530517578125,134.60641479492188,364.8607177734375,87.75675201416016,65.72998809814453,187.85000610351562
2023-12-19,194.5679168701172,135.4489288330078,365.4579772949219,88.22959899902344,65.91780090332031,189.1300048828125
2023-12-20,192.48333740234375,137.12408447265625,362.8731689453125,88.82738494873047,65.92636108398438,188.10000610351562
2023-12-21,192.33511352539062,139.18580627441406,365.7321472167969,88.26532745361328,66.22523498535156,189.42999267578125
2023-12-22,191.2681427001953,140.2464141845703,366.7503967285156,87.86380767822266,66.14839172363281,190.27000427246094
2023-12-26,190.72474670410156,140.27613830566406,366.8287353515625,88.11360931396484,66.27645874023438,191.72000122070312
2023-12-27,190.82357788085938,139.13624572753906,366.2510681152344,89.67496490478516,66.54969024658203,192.58999633789062
2023-12-28,191.24838256835938,138.9974822998047,367.4357604980469,89.02367401123047,66.33622741699219,191.47000122070312
2023-12-29,190.21102905273438,138.4622039794922,368.1798400878906,88.2206802368164,66.080078125,191.1699981689453
2024-01-02,183.4040069580078,136.9556121826172,363.117919921875,87.71212768554688,65.85806274414062,190.72000122070312
2024-01-03,182.03076171875,137.69898986816406,362.853515625,88.07794952392578,65.67874145507812,189.1300048828125
2024-01-04,179.7189483642578,135.19125366210938,360.2491455078125,86.73966217041016,65.422607421875,189.32000732421875
2024-01-05,178.99774169921875,134.53701782226562,360.0631408691406,85.90989685058594,65.47383117675781,189.35000610351562
2024-01-08,183.32496643066406,137.6197052001953,366.85809326171875,86.75748443603516,65.84098815917969,187.8699951171875
2024-01-09,182.91000366210938,139.71116638183594,367.93511962890625,86.2043228149414,65.94346618652344,187.92999267578125
2024-01-10,183.94740295410156,141.02947998046875,374.7691955566406,85.80282592773438,66.06299591064453,187.5
2024-01-11,183.3546142578125,140.83123779296875,376.59033203125,86.28462982177734,66.27645874023438,187.8699951171875
2024-01-12,183.68063354492188,141.39620971679688,380.3500671386719,86.1150894165039,66.34475708007812,189.7100067138672
2024-01-16,181.41822814941406,141.23764038085938,382.1123962402344,84.59835815429688,65.92636108398438,187.91000366210938
2024-01-17,180.4796600341797,140.2265625,381.32916259765625,84.46452331542969,65.64462280273438,185.83999633789062
2024-01-18,186.35800170898438,142.21890258789062,385.63714599609375,83.67938995361328,65.78124237060547,187.3699951171875
2024-01-19,189.25270080566406,145.0934295654297,390.3368225097656,83.94705200195312,65.8922119140625,187.92999267578125
2024-01-22,191.5546112060547,144.7068634033203,388.2220153808594,84.4466781616211,65.94346618652344,187.22000122070312
2024-01-23,192.82908630371094,145.74761962890625,390.56201171875,83.7775650024414,65.86659240722656,187.9499969482422
2024-01-24,192.15725708007812,147.3930206298828,394.14556884765625,83.28682708740234,65.83245849609375,186.39999389648438
2024-01-25,191.83126831054688,150.53514099121094,396.4072265625,83.8310775756836,66.33622741699219,187.13999938964844
2024-01-26,190.1023406982422,150.8523712158203,395.4869384765625,83.67047119140625,66.28497314453125,187.00999450683594
2024-01-29,189.420654296875,152.16075134277344,401.1558532714844,84.6340560913086,66.43014526367188,188.3300018310547
2024-01-30,185.77508544921875,150.1287841796875,400.04949951171875,85.40133666992188,66.34475708007812,188.58999633789062
2024-01-31,182.17893981933594,138.86862182617188,389.2696533203125,86.24002075195312,66.15692901611328,188.4499969482422
2024-02-01,184.60931396484375,139.91932678222656,395.340087890625,87.93170928955078,66.53790283203125,190.41000366210938
2024-02-02,183.6114959716797,141.12855529785156,402.62451171875,85.98939514160156,66.23758697509766,188.61000061035156
2024-02-05,185.41943359375,142.41714477539062,397.17095947265625,84.25296783447266,65.92866516113281,187.57000732421875
2024-02-06,187.01992797851562,142.83348083496094,397.0142517089844,85.07642364501953,66.16893005371094,188.5500030517578
2024-02-07,187.1286163330078,144.2607879638672,405.3953552246094,84.6646957397461,66.28045654296875,188.5
2024-02-08,186.0517578125,144.62757873535156,405.4540710449219,84.17237854003906,66.24617004394531,188.3300018310547
2024-02-09,186.81341552734375,147.6903839111328,411.7594909667969,84.00235748291016,66.38343811035156,187.60000610351562
2024-02-12,185.13174438476562,146.2333526611328,406.5801086425781,84.10079193115234,66.23758697509766,187.11000061035156
2024-02-13,183.0445098876953,143.8643341064453,397.8270263671875,82.65972900390625,65.70553588867188,184.52999877929688
2024-02-14,182.16407775878906,144.65725708007812,401.672119140625,83.08041381835938,65.96297454833984,184.4199981689453
2024-02-15,181.8772430419922,141.51516723632812,398.7980651855469,83.51007080078125,66.19465637207031,185.66000366210938
2024-02-16,180.34396362304688,139.28494262695312,396.34576416015625,83.0267105102539,65.9972915649414,186.33999633789062
2024-02-20,179.60202026367188,139.87966918945312,395.1000061035156,83.09833526611328,66.13460540771484,187.47000122070312
2024-02-21,180.35385131835938,141.2970733642578,394.50164794921875,82.50757598876953,66.01446533203125,187.47999572753906
2024-02-22,182.38174438476562,142.82354736328125,403.79083251953125,82.91034698486328,66.33194732666016,187.55999755859375
2024-02-23,180.5516815185547,142.6947021484375,402.5058898925781,84.02023315429688,66.37489318847656,188.6199951171875
2024-02-26,179.2063446044922,136.36085510253906,399.7593688964844,83.76961517333984,66.16033935546875,188.1999969482422
2024-02-27,180.66049194335938,137.65933227539062,399.700439453125,83.17887878417969,66.24617004394531,188.0
2024-02-28,179.4635467529297,135.1813201904297,399.9358825683594,83.70696258544922,66.23758697509766,188.33999633789062
2024-02-29,178.80076599121094,137.2430419921875,405.74285888671875,84.29771423339844,66.35770416259766,189.30999755859375
2024-03-01,177.7225341796875,135.93463134765625,407.5673828125,84.82298278808594,66.60624694824219,192.88999938964844
2024-03-04,173.2117156982422,132.17794799804688,406.9984436035156,84.48175811767578,66.58899688720703,196.00999450683594
2024-03-05,168.28541564941406,131.50392150878906,394.96270751953125,85.68495178222656,66.5372314453125,197.19000244140625
2024-03-06,167.2961883544922,130.24508666992188,394.41339111328125,86.18775939941406,66.70118713378906,198.80999755859375
2024-03-07,167.177490234375,133.19888305664062,401.32879638671875,86.1069564819336,66.77886199951172,199.94000244140625
2024-03-08,168.8888397216797,134.2198486328125,398.4645690917969,85.9543228149414,66.79612731933594,201.6300048828125
2024-03-11,170.8870391845703,136.45997619628906,396.7969665527344,85.9094009399414,66.78750610351562,202.0
2024-03-12,171.36187744140625,137.28268432617188,407.3515625,85.19112396240234,66.84789276123047,199.7899932861328
2024-03-13,169.28451538085938,138.56134033203125,407.17498779296875,84.77809143066406,66.8738021850586,201.19000244140625
2024-03-14,171.1343536376953,141.84225463867188,417.1017761230469,83.47616577148438,66.5544662475586,200.35000610351562
2024-03-15,170.75843811035156,139.93910217285156,408.46978759765625,83.44921875,66.5113296508789,199.7100067138672
2024-03-18,171.84657287597656,146.3820037841797,409.3526306152344,83.19780731201172,66.66667175292969,200.02999877929688
2024-03-19,174.18116760253906,145.73770141601562,413.3645324707031,83.43124389648438,66.93418884277344,199.8000030517578
2024-03-20,176.74322509765625,147.43267822265625,417.11163330078125,83.4043197631836,67.1585693359375,202.17999267578125
2024-03-21,169.52191162109375,146.30270385742188,421.1725158691406,83.5838851928711,67.12405395507812,201.97000122070312
2024-03-22,170.42213439941406,149.44483947753906,420.5545654296875,84.38301849365234,67.05501556396484,200.35000610351562
2024-03-25,169.00753784179688,148.75100708007812,414.78680419921875,83.96100616455078,66.95144653320312,200.99000549316406
2024-03-26,167.87982177734375,149.345703125,413.59991455078125,84.19445037841797,66.8738021850586,201.63999938964844
2024-03-27,171.44100952148438,149.54396057128906,413.3841247558594,85.02947235107422,67.22761535644531,203.10000610351562
2024-03-28,169.6307373046875,149.6034393310547,412.6877746582031,84.95764923095703,67.0809097290039,205.72000122070312
2024-04-01,168.19638061523438,154.12338256835938,416.4642028808594,83.37397003173828,66.80766296386719,207.82000732421875
2024-04-02,167.01922607421875,153.20152282714844,413.3939514160156,82.91452026367188,66.6949234008789,210.88999938964844
2024-04-03,167.8204803466797,153.55836486816406,412.4228515625,82.89649200439453,66.74695587158203,212.74000549316406
2024-04-04,166.99942016601562,149.20693969726562,409.9019470214844,83.49107360839844,66.6949234008789,211.52000427246094
2024-04-05,167.75123596191406,151.15960693359375,417.39605712890625,82.32897186279297,66.63418579101562,215.13999938964844
2024-04-08,166.63343811035156,153.48898315429688,416.48382568359375,82.31993103027344,66.79033660888672,216.47999572753906
2024-04-09,167.84027099609375,155.22361755371094,418.1415710449219,83.08567810058594,66.92912292480469,217.6699981689453
2024-04-10,165.9706573486328,154.76760864257812,415.17919921875,81.27497100830078,66.33930206298828,215.61000061035156
2024-04-11,173.15234375,158.00888061523438,419.76007080078125,80.90562438964844,66.27854919433594,219.8000030517578
2024-04-12,174.64605712890625,156.3436737060547,413.84515380859375,81.33802795410156,66.24385070800781,216.88999938964844
2024-04-15,170.8276824951172,153.49888610839844,405.74285888671875,80.07685852050781,65.8622055053711,220.9499969482422
2024-04-16,167.55337524414062,153.04293823242188,406.66485595703125,79.54532623291016,65.64535522460938,221.22000122070312
2024-04-17,166.18829345703125,154.10354614257812,403.9772033691406,80.42815399169922,65.73209381103516,219.58999633789062
2024-04-18,165.23861694335938,154.6387939453125,396.5517578125,80.02278900146484,65.78414154052734,220.33999633789062
2024-04-19,163.2206268310547,152.7356719970703,391.5000915527344,80.31105041503906,65.90557861328125,221.02999877929688
2024-04-22,164.0515594482422,154.90640258789062,393.3049011230469,80.1759262084961,66.2698745727539,215.57000732421875
2024-04-23,165.1001434326172,156.86900329589844,399.788818359375,80.20294952392578,66.5387954711914,215.0399932861328
2024-04-24,167.19728088378906,157.73138427734375,401.2503356933594,79.63541412353516,66.39131927490234,214.63999938964844
2024-04-25,168.05789184570312,154.6288604736328,391.421630859375,79.076904296875,66.25253295898438,215.9199981689453
2024-04-26,167.4742431640625,170.4386749267578,398.56268310546875,79.49127197265625,66.4607162475586,216.6199951171875
2024-04-29,171.6289520263672,164.6896514892578,394.5703125,80.15792083740234,66.66020965576172,216.17999267578125
2024-04-30,168.4931640625,161.3492889404297,381.8970031738281,79.4732666015625,66.17447662353516,211.8699951171875
2024-05-01,167.4742431640625,162.41981506347656,387.39990234375,80.05906677246094,66.52326202392578,213.7899932861328
2024-05-02,171.1640167236328,165.15553283691406,390.2445373535156,80.402587890625,66.93309020996094,213.1300048828125
2024-05-03,181.4024200439453,165.7700653076172,398.8961181640625,81.21620178222656,67.21211242675781,212.9600067138672
2024-05-06,179.75042724609375,166.62254333496094,405.6448059082031,81.5325927734375,67.29060363769531,215.1999969482422
2024-05-07,180.43295288085938,169.7448272705078,401.5249938964844,82.02980041503906,67.29930877685547,214.2100067138672
2024-05-08,180.76930236816406,167.89126586914062,402.7020263671875,81.5325927734375,67.14237213134766,213.5800018310547
2024-05-09,182.57960510253906,168.46617126464844,404.4480895996094,81.93035888671875,67.15978240966797,216.9499969482422
2024-05-10,181.32156372070312,167.16766357421875,406.8218994140625,81.46932983398438,67.05517578125,218.7100067138672
2024-05-13,184.5210723876953,167.65335083007812,405.8213195800781,81.67723083496094,67.03772735595703,216.25999450683594
2024-05-14,185.6602325439453,168.8428497314453,408.6070861816406,82.13827514648438,67.14237213134766,218.08999633789062
2024-05-15,187.92860412597656,170.99375915527344,415.7511901855469,83.25924682617188,67.53475189208984,220.88999938964844
2024-05-16,188.0474395751953,172.6490478515625,413.6973571777344,83.17788696289062,67.37779235839844,220.02999877929688
2024-05-17,188.07716369628906,174.51255798339844,412.930908203125,82.61739349365234,67.38652038574219,223.66000366210938
2024-05-20,189.23611450195312,175.36500549316406,417.9720764160156,82.37332153320312,67.42138671875,224.55999755859375
2024-05-21,190.5337677001953,176.2868194580078,421.60797119140625,82.79821014404297,67.36908721923828,224.22999572753906
2024-05-22,189.09744262695312,174.82974243164062,423.06231689453125,82.89763641357422,67.2208480834961,220.11000061035156
2024-05-23,185.1154327392578,172.02464294433594,419.603271484375,82.3642807006836,66.98538970947266,215.72000122070312
2024-05-24,188.18612670898438,173.4519500732422,422.7085876464844,82.60832214355469,67.2208480834961,215.9199981689453
2024-05-28,188.19602966308594,174.8495635986328,422.86578369140625,81.42410278320312,66.9505386352539,218.19000244140625
2024-05-29,188.49322509765625,174.35394287109375,421.7356872558594,80.4387435913086,66.74998474121094,216.16000366210938
2024-05-30,189.48379516601562,170.59727478027344,407.48687744140625,81.21620178222656,67.0202865600586,216.57000732421875
2024-05-31,190.43470764160156,170.9838409423828,407.9389343261719,81.76764678955078,67.2557144165039,215.3000030517578
2024-06-03,192.19789123535156,171.64793395996094,406.35675048828125,83.0902099609375,67.46422576904297,217.22000122070312
2024-06-04,192.51487731933594,172.26251220703125,408.8626403808594,84.06077575683594,67.4291763305664,215.27000427246094
2024-06-05,194.02052307128906,173.86827087402344,416.6651306152344,84.67758178710938,67.648193359375,217.82000732421875
2024-06-06,192.64364624023438,175.17665100097656,417.166259765625,84.55062103271484,67.53430938720703,219.42999267578125
2024-06-07,195.03089904785156,172.92660522460938,416.50787353515625,82.9994888305664,67.3591079711914,211.60000610351562
2024-06-10,191.29649353027344,173.67088317871094,420.4582214355469,82.44615173339844,67.4204330444336,213.5399932861328
2024-06-11,205.19400024414062,175.26853942871094,425.1849060058594,83.29884338378906,67.50801086425781,214.14999389648438
2024-06-12,211.05812072753906,176.42962646484375,433.41973876953125,83.92472839355469,67.77959442138672,214.72000122070312
2024-06-13,212.21705627441406,173.81973266601562,433.93072509765625,85.15837097167969,67.77083587646484,212.97000122070312
2024-06-14,210.48361206054688,175.43727111816406,434.9036560058594,85.87496948242188,67.50801086425781,215.72999572753906
2024-06-17,214.62411499023438,175.88381958007812,440.6031188964844,85.02233123779297,67.55184173583984,214.61000061035156
2024-06-18,212.26658630371094,173.75025939941406,438.6083068847656,85.80240631103516,67.76206970214844,215.47000122070312
2024-06-20,207.70010375976562,174.95101928710938,437.9794006347656,85.2309341430664,67.71827697753906,218.16000366210938
2024-06-21,205.53082275390625,178.25550842285156,441.9886474609375,85.2309341430664,67.797119140625,214.77999877929688
2024-06-24,206.17466735839844,177.84864807128906,439.9152526855469,85.57560729980469,67.7270278930664,215.6300048828125
2024-06-25,207.09588623046875,182.62185668945312,443.138427734375,85.72077178955078,67.81463623046875,214.55999755859375
2024-06-26,211.2364044189453,182.4730224609375,444.3274841308594,84.49620056152344,67.66571807861328,212.5800018310547
2024-06-27,212.07838439941406,183.99131774902344,445.0055236816406,84.831787109375,67.74456024169922,214.99000549316406
2024-06-28,208.63124084472656,180.75624084472656,439.20770263671875,83.25347137451172,67.57810974121094,215.00999450683594
2024-07-01,214.70335388183594,181.58981323242188,448.8183288574219,81.81660461425781,67.56489562988281,215.57000732421875
2024-07-02,218.1901092529297,183.82261657714844,451.3241271972656,82.4535903930664,67.74983978271484,215.55999755859375
2024-07-03,219.45803833007812,184.39816284179688,452.7882995605469,83.5364761352539,67.98761749267578,217.99000549316406
2024-07-05,224.2028045654297,189.1416015625,459.460693359375,84.22804260253906,68.19017028808594,220.92999267578125
2024-07-08,225.66885375976562,187.58360290527344,458.1635437011719,84.41007232666016,68.17256927490234,218.19000244140625
2024-07-09,226.52072143554688,187.5339813232422,451.5796203613281,84.03697967529297,68.09329986572266,218.55999755859375
2024-07-10,230.78012084960938,189.7171630859375,458.17333984375,84.30086517333984,68.25179290771484,219.36000061035156
2024-07-11,225.42123413085938,184.1501007080078,446.8235168457031,85.11981964111328,68.49840545654297,223.25
2024-07-12,228.36314392089844,183.6538848876953,445.693359375,85.48384094238281,68.67453002929688,223.11000061035156
2024-07-15,232.1866912841797,185.1027374267578,446.0962829589844,84.50103759765625,68.68333435058594,223.8300018310547
2024-07-16,232.60272216796875,182.5126953125,441.733154296875,85.69312286376953,68.94755554199219,228.2899932861328
2024-07-17,226.7188262939453,179.6348876953125,435.8371276855469,85.71131896972656,68.86829376220703,227.22999572753906
2024-07-18,222.06320190429688,176.3303680419922,432.7416687011719,85.05614471435547,68.72737884521484,225.77999877929688
2024-07-19,222.19198608398438,176.3006134033203,429.53814697265625,84.55564880371094,68.67453002929688,221.72999572753906
2024-07-22,221.84530639648438,180.2799072265625,435.26715087890625,84.30997467041016,68.92991638183594,221.8000030517578
2024-07-23,222.88539123535156,180.3989715576172,437.1441345214844,84.19165802001953,68.9387435913086,222.5800018310547
2024-07-24,216.47647094726562,171.30911254882812,421.4703674316406,83.28167724609375,68.71858215332031,221.8000030517578
2024-07-25,215.4364013671875,166.00003051757812,411.1523132324219,83.96414947509766,68.72737884521484,218.3300018310547
2024-07-26,215.90194702148438,165.72216796875,417.90325927734375,84.61933898925781,68.94755554199219,220.6300048828125
2024-07-29,216.17929077148438,168.23280334472656,419.33795166015625,85.07433319091797,68.88590240478516,220.32000732421875
2024-07-30,216.73399353027344,168.9869842529297,415.593994140625,85.40193939208984,68.92111206054688,222.52000427246094
2024-07-31,219.98304748535156,170.2274169921875,411.1031494140625,86.27549743652344,69.16771697998047,226.5500030517578
2024-08-01,216.2981719970703,169.45338439941406,409.8846130371094,87.0196304321289,69.01632690429688,225.77000427246094
2024-08-02,217.7840118408203,165.38479614257812,401.4139404296875,89.7313003540039,68.78614807128906,225.33999633789062
2024-08-05,207.29400634765625,158.03146362304688,388.30499267578125,90.20606994628906,68.36121368408203,222.47999572753906
2024-08-06,205.2732391357422,157.0788116455078,392.687744140625,88.18827819824219,68.6179428100586,220.6999969482422
2024-08-07,207.83880615234375,157.72386169433594,391.5282287597656,87.56742858886719,68.75074005126953,220.5500030517578
2024-08-08,211.29586791992188,160.79017639160156,395.71441650390625,87.02876281738281,69.03402709960938,224.00999450683594
2024-08-09,214.19821166992188,162.4176483154297,398.9866943359375,87.88699340820312,69.02516174316406,224.55999755859375
2024-08-12,215.7254180908203,161.04820251464844,399.76300048828125,88.20655822753906,69.06945037841797,228.41000366210938
2024-08-13,219.43438720703125,162.9038848876953,406.83831787109375,88.81827545166016,69.38815307617188,228.05999755859375
2024-08-14,219.8806610107422,159.14288330078125,409.638916015625,89.37519836425781,69.51209259033203,226.1999969482422
2024-08-15,222.8557586669922,160.0657958984375,414.4823913574219,88.65392303466797,69.57406616210938,226.91000366210938
2024-08-16,224.1747283935547,161.71307373046875,411.96221923828125,88.96434783935547,69.79536437988281,231.99000549316406
2024-08-19,224.0160675048828,165.39471435546875,414.9746398925781,89.37519836425781,69.91046905517578,231.61000061035156
2024-08-20,224.63092041015625,165.90078735351562,418.1938171386719,90.08736419677734,69.8485107421875,232.4600067138672
2024-08-21,224.52183532714844,164.58094787597656,417.54412841796875,90.14214324951172,70.00785064697266,232.14999389648438
2024-08-22,222.66734313964844,162.54666137695312,409.0876159667969,89.24738311767578,69.9193115234375,229.3699951171875
2024-08-23,224.9581756591797,164.35272216796875,410.3083801269531,89.83171844482422,70.29112243652344,232.02000427246094
2024-08-26,225.2953643798828,164.8885955810547,407.0596618652344,89.60346984863281,70.14949035644531,232.75999450683594
2024-08-27,226.13832092285156,163.419921875,407.40423583984375,89.44827270507812,70.19374084472656,233.38999938964844
2024-08-28,224.61106872558594,161.6039276123047,404.2146301269531,89.33868408203125,70.15833282470703,231.75
2024-08-29,227.88369750976562,160.54212951660156,406.6954650878906,89.04652404785156,70.2291488647461,232.9499969482422
2024-08-30,227.10028076171875,162.12989807128906,410.6529541015625,88.09698486328125,70.23799133300781,231.2899932861328
2024-09-03,220.92193603515625,156.1559295654297,403.0727233886719,89.53782653808594,69.98894500732422,230.2899932861328
2024-09-04,219.01788330078125,155.25289916992188,402.54107666015625,90.6919937133789,70.24691772460938,230.42999267578125
2024-09-05,220.53518676757812,156.03683471679688,402.03900146484375,91.20494079589844,70.48707580566406,232.35000610351562
2024-09-06,218.9881134033203,149.7652130126953,395.45306396484375,91.19578552246094,70.39813995361328,230.6300048828125
2024-09-09,219.07737731933594,147.7679443359375,399.4105529785156,91.58964538574219,70.567138671875,231.60000610351562
2024-09-10,218.28399658203125,147.71826171875,407.7586364746094,92.2308349609375,70.43372344970703,232.6199951171875
2024-09-11,220.8128662109375,150.20242309570312,416.4611511230469,92.15756225585938,70.54046630859375,232.25
2024-09-12,220.92193603515625,153.71006774902344,420.3595886230469,91.72703552246094,70.6383285522461,236.3300018310547
2024-09-13,220.65419006347656,156.4625244140625,423.8937683105469,91.974365234375,70.83399963378906,238.67999267578125
2024-09-16,214.5254669189453,157.05870056152344,424.6321105957031,92.81710052490234,71.01190948486328,238.66000366210938
2024-09-17,214.99156188964844,158.31072998046875,428.3827819824219,92.36823272705078,71.02970886230469,237.33999633789062
2024-09-18,218.8592071533203,158.79763793945312,424.1103515625,91.22325134277344,71.09196472167969,235.50999450683594
2024-09-19,226.97132873535156,161.11285400390625,431.8678283691406,90.92098236083984,71.30546569824219,239.1699981689453
2024-09-20,226.306884765625,162.55368041992188,428.5009765625,90.5728988647461,71.3944091796875,242.2100067138672
2024-09-23,224.5912628173828,160.82470703125,426.76837158203125,90.38054656982422,71.26097106933594,242.67999267578125
2024-09-24,225.48377990722656,161.26190185546875,422.495849609375,90.36224365234375,71.2698745727539,246.07000732421875
2024-09-25,224.49205017089844,160.46697998046875,425.39007568359375,89.61111450195312,71.18980407714844,245.72999572753906
2024-09-26,225.63253784179688,161.69911193847656,424.6025695800781,89.82177734375,71.30546569824219,246.97999572753906
2024-09-27,225.90029907226562,162.911376953125,421.36370849609375,90.28894805908203,71.48338317871094,245.02000427246094
2024-09-30,231.0670928955078,164.79934692382812,423.6082763671875,89.85842895507812,71.43000793457031,243.05999755859375
2024-10-01,224.33340454101562,165.93214416503906,414.147705078125,90.50720977783203,71.39424896240234,245.61000061035156
2024-10-02,224.898681640625,164.80931091308594,410.64306640625,89.74449157714844,71.40316772460938,245.66000366210938
2024-10-03,223.79786682128906,164.80931091308594,410.062255859375,88.89905548095703,71.23336029052734,245.49000549316406
2024-10-04,224.91851806640625,166.001708984375,409.5897216796875,87.80548858642578,71.15290832519531,245.0
2024-10-07,219.85092163085938,161.9475555419922,403.171142578125,87.14387512207031,70.84898376464844,244.1699981689453
2024-10-08,223.89706420898438,163.33868408203125,408.26068115234375,87.2908706665039,71.01881408691406,242.3699951171875
2024-10-09,227.63577270507812,160.8346405029297,410.96795654296875,86.79466247558594,70.97412109375,241.0500030517578
2024-10-10,227.13992309570312,161.05322265625,409.3731384277344,86.45467376708984,70.9383773803711,242.82000732421875
2024-10-11,225.6622772216797,162.20590209960938,409.845703125,86.10545349121094,71.12606811523438,245.47000122070312
2024-10-14,229.3811798095703,163.9149932861328,412.6218566894531,86.16976928710938,71.16182708740234,245.07000732421875
2024-10-15,231.9100341796875,164.41184997558594,412.22802734375,87.21737670898438,71.14396667480469,245.9199981689453
2024-10-16,229.85719299316406,164.11373901367188,409.64874267578125,87.5849380493164,71.26910400390625,247.14999389648438
2024-10-17,230.22412109375,161.89785766601562,410.23944091796875,86.19734954833984,71.16182708740234,248.6300048828125
2024-10-18,233.05047607421875,162.384765625,411.6570739746094,86.26168060302734,71.33167266845703,251.27000427246094
2024-10-21,234.51821899414062,163.03065490722656,412.26739501953125,84.75459289550781,71.0456314086914,251.22000122070312
2024-10-22,233.9033660888672,164.09385681152344,420.86163330078125,84.83729553222656,70.94730377197266,253.92999267578125
2024-10-23,228.84567260742188,161.7488250732422,417.9969177246094,84.60755920410156,70.7327651977539,250.8699951171875
2024-10-24,228.6572265625,161.68917846679688,418.1249084472656,85.14974975585938,70.9383773803711,252.8000030517578
2024-10-25,229.49026489257812,164.22305297851562,421.4916687011719,84.6718978881836,70.86686706542969,253.32000732421875
2024-10-28,231.4637451171875,165.66384887695312,419.9559631347656,84.4421615600586,71.0456314086914,253.3300018310547
2024-10-29,231.7315216064453,168.6051025390625,425.2326354980469,84.57080078125,71.06350708007812,256.0899963378906
2024-10-30,228.19114685058594,173.35479736328125,425.8036193847656,84.81893920898438,70.9383773803711,257.5
2024-10-31,224.035888671875,170.02603149414062,400.0307312011719,84.9567642211914,70.74170684814453,253.50999450683594
2024-11-01,221.060791015625,170.20489501953125,403.9881896972656,83.75901794433594,70.74620819091797,252.47000122070312
2024-11-04,220.1682586669922,168.16790771484375,402.10791015625,85.05911254882812,70.94384002685547,252.8300018310547
2024-11-05,221.5963134765625,168.6647186279297,405.0612487792969,85.51089477539062,71.14148712158203,253.39999389648438
2024-11-06,220.8723602294922,175.39183044433594,413.6456604003906,83.16889953613281,71.26727294921875,245.6999969482422
2024-11-07,225.59286499023438,179.60498046875,418.8139953613281,84.2108383178711,71.57268524169922,249.64999389648438
2024-11-08,225.32481384277344,177.22018432617188,415.9689636230469,85.28041076660156,71.68948364257812,247.9600067138672
2024-11-11,222.614501953125,179.20750427246094,411.5093994140625,84.86548614501953,71.608642578125,242.13999938964844
2024-11-12,222.614501953125,180.46946716308594,416.45135498046875,83.59306335449219,71.32115936279297,240.0500030517578
2024-11-13,223.498046875,177.74681091308594,418.58758544921875,82.80010223388672,71.33912658691406,237.6300048828125
2024-11-14,226.5757293701172,174.4677276611328,420.2513732910156,83.27954864501953,71.1863784790039,237.00999450683594
2024-11-15,223.37893676757812,171.3972930908203,408.54620361328125,83.0582504272461,71.17740631103516,236.58999633789062
2024-11-18,226.37718200683594,174.1894989013672,409.2944030761719,83.20578002929688,71.31217956542969,241.08999633789062
2024-11-19,226.6352996826172,176.99163818359375,411.29278564453125,83.62991333007812,71.41999816894531,243.25
2024-11-20,227.35009765625,174.86517333984375,409.028564453125,83.362548828125,71.40200805664062,244.6199951171875
2024-11-21,226.87356567382812,166.56809997558594,407.26287841796875,83.29800415039062,71.42896270751953,246.66000366210938
2024-11-22,228.21383666992188,163.7162628173828,411.3368225097656,83.3440933227539,71.41100311279297,249.83999633789062
2024-11-25,231.19224548339844,166.58792114257812,413.1025085449219,85.5016860961914,71.68052673339844,242.47999572753906
2024-11-26,233.36643981933594,168.04864501953125,422.1775207519531,85.16976165771484,71.54576110839844,242.9499969482422
2024-11-27,233.2373809814453,168.15794372558594,417.24542236328125,85.7598648071289,71.76134490966797,243.49000549316406
2024-11-29,235.62010192871094,167.8797149658203,417.7090759277344,86.6450424194336,71.90508270263672,245.58999633789062
2024-12-02,237.86380004882812,170.4036407470703,425.126953125,86.85322570800781,71.87893676757812,243.44000244140625
2024-12-03,240.90176391601562,170.2545623779297,425.34393310546875,86.1037826538086,71.87893676757812,243.92999267578125
2024-12-04,241.25918579101562,173.265380859375,431.4794921875,87.02901458740234,72.05038452148438,244.6699981689453
2024-12-05,241.28895568847656,171.5463409423828,436.6088562011719,87.20482635498047,71.98722076416016,242.86000061035156
2024-12-06,241.09039306640625,173.6032257080078,437.5459899902344,87.3343505859375,72.1045150756836,242.9499969482422
2024-12-09,244.9722442626953,174.45877075195312,439.9626770019531,86.52936553955078,72.0142822265625,245.36000061035156
2024-12-10,245.98487854003906,184.20785522460938,437.3091735839844,86.1222915649414,72.05038452148438,248.58999633789062
2024-12-11,244.714111328125,194.38467407226562,442.8923645019531,85.30805969238281,72.06845092773438,250.9600067138672
2024-12-12,246.1735076904297,190.96258544921875,443.45465087890625,84.27177429199219,71.86991119384766,247.27999877929688
2024-12-13,246.34230041503906,188.8336944580078,441.1957092285156,83.4112777709961,71.66234588623047,244.2899932861328
2024-12-16,249.2313232421875,195.63812255859375,445.45709228515625,83.66110229492188,71.79769134521484,244.8800048828125
2024-12-17,251.65374755859375,194.40457153320312,448.2880554199219,83.86467742919922,71.644287109375,243.94000244140625
2024-12-18,246.26284790039062,187.4210662841797,431.44989013671875,82.81599426269531,70.90863037109375,239.25999450683594
2024-12-19,247.99032592773438,187.5304718017578,431.09478759765625,81.56204986572266,70.83605194091797,239.60000610351562
2024-12-20,252.656494140625,190.41542053222656,430.6706237792969,82.0264663696289,71.28053283691406,242.10000610351562
2024-12-23,253.4308624267578,193.6186981201172,429.3389587402344,81.27410888671875,71.09005737304688,240.9600067138672
2024-12-24,256.3397521972656,195.09100341796875,433.363525390625,81.6177749633789,71.31683349609375,241.44000244140625
2024-12-26,257.15380859375,194.58364868164062,432.16009521484375,81.57132720947266,71.49824523925781,243.07000732421875
2024-12-27,253.74853515625,191.7583770751953,424.68304443359375,80.9025650024414,71.25334930419922,241.39999389648438
2024-12-30,250.3829803466797,190.24632263183594,419.0604553222656,81.55274200439453,71.35311126708984,240.6300048828125
2024-12-31,248.61578369140625,188.31637573242188,415.77569580078125,81.11620330810547,71.34403228759766,242.1300048828125
2025-01-02,242.0931396484375,188.44569396972656,412.8953552246094,81.33914184570312,71.51640319824219,245.4199981689453
2025-01-03,241.60665893554688,190.79342651367188,417.6005859375,81.07906341552734,71.62522888183594,243.49000549316406
2025-01-06,243.23484802246094,195.84706115722656,422.0394592285156,80.71678924560547,71.7522201538086,243.19000244140625
2025-01-07,240.46495056152344,194.47422790527344,416.6339111328125,79.8065414428711,71.51640319824219,244.55999755859375
2025-01-08,240.95140075683594,192.94223022460938,418.79412841796875,79.90868377685547,71.60709381103516,245.86000061035156
2025-01-10,235.14358520507812,191.0421142578125,413.2603454589844,79.3792495727539,71.23517608642578,248.2100067138672
2025-01-13,232.71119689941406,190.0175018310547,411.52423095703125,79.35138702392578,71.21704864501953,245.74000549316406
2025-01-14,231.59927368164062,188.6745147705078,410.02490234375,79.22135925292969,71.30775451660156,247.02999877929688
2025-01-15,236.15618896484375,194.53390502929688,420.5203552246094,80.58676147460938,71.93367004394531,248.8800048828125
2025-01-16,226.6154327392578,191.9076385498047,418.8138427734375,80.84685516357422,72.01529693603516,250.60000610351562
2025-01-17,228.32305908203125,194.98158264160156,423.2033996582031,80.98616027832031,72.07879638671875,249.27000427246094
2025-01-21,221.03591918945312,197.0209197998047,422.6806335449219,81.71066284179688,72.26927947998047,253.1300048828125
2025-01-22,222.21737670898438,197.33924865722656,440.1402587890625,81.28340148925781,72.16948699951172,254.42999267578125
2025-01-23,222.04859924316406,196.95127868652344,440.6432800292969,80.65178680419922,72.26022338867188,254.07000732421875
2025-01-24,221.17491149902344,199.16970825195312,438.0293273925781,81.01402282714844,72.34185028076172,255.64999389648438
2025-01-27,228.2039337158203,190.8133544921875,428.6583557128906,81.97073364257812,72.39627838134766,252.99000549316406
2025-01-28,236.5433807373047,194.28521728515625,441.1266784667969,81.91500091552734,72.36908721923828,255.17999267578125
2025-01-29,237.63546752929688,194.39463806152344,436.3227844238281,81.74781036376953,72.32369995117188,254.1999969482422
2025-01-30,235.8782196044922,199.82626342773438,409.3540954589844,82.05432891845703,72.45977020263672,258.04998779296875
2025-01-31,234.2996826171875,202.95989990234375,409.4231262207031,81.515625,72.31464385986328,258.55999755859375
2025-02-03,226.3672332763672,200.1843719482422,405.3393859863281,82.17931365966797,72.2235336303711,259.94000244140625
2025-02-04,231.1227569580078,205.30763244628906,406.7696838378906,82.43098449707031,72.45133209228516,262.5
2025-02-05,230.79513549804688,190.33584594726562,407.67718505859375,83.79194641113281,72.64269256591797,264.1300048828125
2025-02-06,231.5397186279297,190.60446166992188,410.1728210449219,83.7546615600586,72.5333480834961,263.42999267578125
2025-02-07,225.989990234375,184.37696838378906,404.185302734375,83.21401977539062,72.30553436279297,263.8999938964844
2025-02-10,226.25831604003906,185.50111389160156,406.6217041015625,82.96232604980469,72.45133209228516,268.3699951171875
2025-02-11,231.19793701171875,184.35708618164062,405.852294921875,82.43098449707031,72.42399597167969,267.3900146484375
2025-02-12,235.42198181152344,182.65594482421875,403.4849548339844,81.31239318847656,72.26909637451172,267.6700134277344
2025-02-13,240.05348205566406,185.1728057861328,404.9645080566406,82.66401672363281,72.59712219238281,270.30999755859375
2025-02-14,243.10472106933594,184.2675323486328,402.8831787109375,83.10214233398438,72.67911529541016,266.2900085449219
2025-02-18,242.97552490234375,182.81512451171875,404.0767822265625,82.12337493896484,72.6153564453125,270.70001220703125
2025-02-19,243.37307739257812,184.3073272705078,409.1370849609375,82.22591400146484,72.6700210571289,270.8500061035156
2025-02-20,244.32720947265625,183.60101318359375,411.3017272949219,82.53352355957031,72.715576171875,270.989990234375
2025-02-21,244.04891967773438,178.72647094726562,403.47357177734375,83.53092956542969,72.57890319824219,270.739990234375
2025-02-24,245.58944702148438,178.318603515625,399.31243896484375,83.77330780029297,72.6700210571289,272.2099914550781
2025-02-25,245.52978515625,174.50848388671875,393.2831726074219,85.2181396484375,72.85225677490234,268.6199951171875
2025-02-26,238.89064025878906,171.8324737548828,395.09197998046875,85.7215347290039,72.95249938964844,269.0299987792969
2025-02-27,235.849365234375,167.6244659423828,387.9754943847656,85.11560821533203,72.8158187866211,264.92999267578125
2025-02-28,240.36158752441406,169.39520263671875,392.38372802734375,86.15963745117188,73.01629638671875,263.2699890136719
2025-03-03,236.5748748779297,166.1422119140625,383.9823913574219,86.56172943115234,72.86431121826172,266.739990234375
2025-03-04,234.4877166748047,170.0319061279297,384.1009521484375,85.49569702148438,72.85514831542969,269.05999755859375
2025-03-05,234.2988739013672,172.12098693847656,396.3669738769531,84.81310272216797,72.89178466796875,269.6199951171875
2025-03-06,233.89138793945312,171.45448303222656,392.284912109375,84.53257751464844,72.61711883544922,268.25
2025-03-07,237.60853576660156,172.95660400390625,388.7464599609375,84.26141357421875,72.73615264892578,268.3900146484375
2025-03-10,226.08937072753906,165.1981658935547,375.7490539550781,85.140380859375,72.46150207519531,266.0400085449219
2025-03-11,219.48997497558594,163.3755645751953,376.03570556640625,84.53257751464844,72.20515441894531,269.1600036621094
2025-03-12,215.65354919433594,166.43313598632812,378.82293701171875,84.0276107788086,72.28755950927734,270.3299865722656
2025-03-13,208.39817810058594,162.10076904296875,374.3751525878906,84.7663345336914,71.88473510742188,275.1300048828125
2025-03-14,212.18490600585938,164.8197021484375,384.05157470703125,84.31749725341797,72.21430969238281,275.239990234375
2025-03-17,212.6917724609375,163.62454223632812,384.18994140625,84.7383041381836,72.38826751708984,276.7300109863281
2025-03-18,211.38980102539062,160.01922607421875,379.0700988769531,84.82244110107422,72.26008605957031,279.9599914550781
2025-03-19,213.92422485351562,163.2261962890625,383.3201599121094,85.26194763183594,72.73615264892578,281.1099853515625
2025-03-20,212.79116821289062,162.14060974121094,382.3515625,85.31803894042969,72.63542938232422,280.75
2025-03-21,216.93568420410156,163.32577514648438,386.72027587890625,84.81310272216797,72.52558898925781,278.489990234375
2025-03-24,219.38063049316406,167.00083923339844,388.5191345214844,83.94347381591797,72.73615264892578,277.25
2025-03-25,222.38217163085938,169.86917114257812,390.57501220703125,83.93411254882812,72.69951629638672,278.4700012207031
2025-03-26,220.1757354736328,164.3914337158203,385.4452209472656,83.38240051269531,72.40656280517578,278.239990234375
2025-03-27,222.4815673828125,161.58287048339844,386.04815673828125,83.1392822265625,72.26924133300781,281.9700012207031
2025-03-28,216.56793212890625,153.7049102783203,374.4048156738281,84.2894515991211,72.14106750488281,284.05999755859375
2025-03-31,220.77207946777344,154.01365661621094,371.0343933105469,85.12166595458984,72.22346496582031,288.1400146484375
2025-04-01,221.8256072998047,156.43380737304688,377.7554626464844,85.85929870605469,72.39089965820312,287.57000732421875
2025-04-02,222.5213165283203,156.40391540527344,377.7060852050781,85.80297088623047,72.53807830810547,288.1600036621094
2025-04-03,201.9478759765625,150.1095428466797,368.7808532714844,86.19712829589844,71.63654327392578,286.4200134277344
2025-04-04,187.22840881347656,145.01028442382812,355.664794921875,87.13560485839844,70.61539459228516,279.7200012207031
2025-04-07,180.3507080078125,146.1555938720703,353.707763671875,84.50791931152344,70.00823211669922,273.7099914550781
2025-04-08,171.365966796875,144.11390686035156,350.4460754394531,82.91255187988281,69.68624877929688,275.20001220703125
2025-04-09,197.6343994140625,158.06716918945312,385.95916748046875,83.40055847167969,71.55372619628906,285.3800048828125
2025-04-10,189.25592041015625,152.20101928710938,376.9252014160156,81.10132598876953,70.38540649414062,292.3500061035156
2025-04-11,196.93865966796875,156.50352478027344,383.94287109375,81.54238891601562,70.59699249267578,297.92999267578125
2025-04-14,201.28195190429688,158.42572021484375,383.310302734375,82.124267578125,70.94657897949219,296.2300109863281
2025-04-15,200.90428161621094,155.67689514160156,381.2544250488281,82.4151611328125,71.13976287841797,297.7799987792969
2025-04-16,193.08241271972656,152.70895385742188,367.2982177734375,82.8750228881836,71.13056182861328,307.4700012207031
2025-04-17,195.77581787109375,150.54776000976562,363.5126647949219,82.14302825927734,71.54452514648438,306.1199951171875
2025-04-21,191.9791717529297,147.07188415527344,354.9531555175781,80.70718383789062,71.1213607788086,315.5899963378906
2025-04-22,198.5189666748047,150.8564910888672,362.5638427734375,81.15764617919922,71.39733123779297,311.1099853515625
2025-04-23,203.3492431640625,154.7207794189453,370.0460510253906,81.94595336914062,71.75613403320312,303.6499938964844
2025-04-24,207.09619140625,158.63485717773438,382.8061828613281,82.80931854248047,72.40009307861328,308.07000732421875
2025-04-25,208.00064086914062,161.3040008544922,387.30340576171875,83.41932678222656,72.46448516845703,304.7300109863281
2025-04-28,208.85536193847656,159.95947265625,386.6214599609375,83.94485473632812,72.50128173828125,309.07000732421875
2025-04-29,209.91883850097656,159.5113067626953,389.4679870605469,84.6487045288086,72.69448852539062,306.05999755859375
2025-04-30,211.2009735107422,158.1568145751953,390.6738586425781,83.96363067626953,72.30809783935547,303.7699890136719
2025-05-01,212.01596069335938,160.64666748046875,420.464111328125,83.53787994384766,72.40149688720703,297.4599914550781
2025-05-02,204.09466552734375,163.36563110351562,430.2294921875,82.63365936279297,72.6234359741211,297.9800109863281
2025-05-05,197.67416381835938,163.54490661621094,431.109130859375,82.17211151123047,72.59567260742188,306.8800048828125
2025-05-06,197.2964630126953,162.56884765625,428.2823486328125,82.44526672363281,72.5401840209961,315.4800109863281
2025-05-07,195.05029296875,150.76687622070312,428.3218688964844,82.79378509521484,72.60491180419922,310.75
2025-05-08,196.28271484375,153.65512084960938,433.08599853515625,81.87071228027344,72.58641815185547,304.6300048828125
2025-05-09,197.31634521484375,152.13131713867188,433.6394348144531,81.99314880371094,72.63267517089844,306.8399963378906
2025-05-12,209.77613830566406,157.81817626953125,444.04730224609375,81.23019409179688,73.35389709472656,298.19000244140625
2025-05-13,211.9058380126953,158.8838348388672,443.9286804199219,80.9005355834961,73.48334503173828,299.4599914550781
2025-05-14,211.30874633789062,164.70018005371094,447.6845703125,80.36365509033203,73.2152099609375,293.1600036621094
2025-05-15,210.43296813964844,163.29591369628906,448.6946105957031,81.07008361816406,73.35389709472656,297.8399963378906
2025-05-16,210.24386596679688,165.51686096191406,449.8234558105469,81.28672790527344,73.43711853027344,294.239990234375
2025-05-19,207.77581787109375,165.86544799804688,454.37841796875,81.05123901367188,73.40013885498047,298.0299987792969
2025-05-20,205.8650360107422,163.3158416748047,453.6852722167969,80.46726989746094,73.3631591796875,303.5799865722656
2025-05-21,201.1179656982422,167.8772735595703,448.14007568359375,79.09207153320312,72.8730697631836,305.82000732421875
2025-05-22,200.3914794921875,170.17791748046875,450.4076843261719,79.50651550292969,73.02102661132812,303.1099853515625
2025-05-23,194.33078002929688,167.78762817382812,445.7734680175781,79.63838958740234,73.00253295898438,309.75
2025-05-27,199.24705505371094,172.19970703125,456.1805725097656,80.74983978271484,73.44637298583984,304.5
2025-05-28,199.45602416992188,171.66189575195312,452.8831787109375,80.40132904052734,73.40013885498047,303.80999755859375
2025-05-29,198.98825073242188,171.16390991210938,454.1902770996094,81.14542388916016,73.51110076904297,305.6099853515625
2025-05-30,199.88394165039062,171.04440307617188,455.85382080078125,81.26789093017578,73.57581329345703,303.6000061035156
2025-06-02,200.72984313964844,168.3453826904297,457.4480895996094,80.51155090332031,73.56280517578125,311.6700134277344
2025-06-03,202.2923126220703,165.50692749023438,458.43829345703125,80.36974334716797,73.7021713256836,308.9100036621094
2025-06-04,201.84445190429688,167.3693389892578,459.3294677734375,81.67439270019531,73.84153747558594,310.8999938964844
2025-06-05,199.66500854492188,167.52870178222656,463.1021423339844,81.73113250732422,73.68358612060547,309.3299865722656
2025-06-06,202.9391632080078,172.9765167236328,465.7757263183594,80.691162109375,73.67430877685547,305.17999267578125
2025-06-09,200.48106384277344,175.58908081054688,468.12255859375,80.77626037597656,73.71145629882812,306.6199951171875
2025-06-10,201.69517517089844,178.0919647216797,466.3104553222656,81.19224548339844,73.88799285888672,306.7099914550781
2025-06-11,197.82391357421875,176.8455047607422,467.9938049316406,81.43805694580078,73.86941528320312,308.3699951171875
2025-06-12,198.24188232421875,175.2001953125,474.18267822265625,82.41183471679688,73.95301055908203,312.20001220703125
2025-06-13,195.50511169433594,174.17312622070312,470.3109130859375,81.61768341064453,73.73004150390625,316.2900085449219
2025-06-16,197.46563720703125,176.26715087890625,474.45001220703125,80.79517364501953,73.8786849975586,311.7799987792969
2025-06-17,194.69898986816406,175.44947814941406,473.3608093261719,81.77841186523438,73.79508209228516,311.94000244140625
2025-06-18,195.6344757080078,172.8269805908203,475.5392150878906,81.92021942138672,73.90657043457031,310.260009765625
2025-06-20,200.03321838378906,166.1659698486328,472.72705078125,81.7689437866211,74.13884735107422,310.1300048828125
2025-06-23,200.53082275390625,164.72010803222656,481.24285888671875,82.03364562988281,74.27816772460938,311.0799865722656
2025-06-24,199.33657836914062,166.2956085205078,485.3125915527344,82.6292724609375,74.48258209228516,306.19000244140625
2025-06-25,200.59051513671875,170.19447326660156,487.4515075683594,82.73326110839844,74.4639892578125,307.1199951171875
2025-06-26,200.03321838378906,173.04632568359375,492.5807800292969,83.14923858642578,74.67768859863281,306.7799987792969
2025-06-27,200.11282348632812,178.02215576171875,491.0855712890625,82.61982727050781,74.64051818847656,301.2200012207031
2025-06-30,204.18316650390625,175.7286834716797,492.54119873046875,83.4328842163086,74.92852783203125,304.8299865722656
2025-07-01,206.82041931152344,175.3397979736328,487.2336120605469,83.63975524902344,74.83425903320312,307.54998779296875
2025-07-02,211.418212890625,178.13182067871094,486.2830505371094,83.10833740234375,74.9742660522461,309.25
2025-07-03,212.52284240722656,179.019287109375,493.9571838378906,82.52950286865234,75.02093505859375,307.1400146484375
2025-07-07,208.94017028808594,176.28707885742188,492.84814453125,81.74186706542969,74.76889038085938,307.3699951171875
2025-07-08,208.99989318847656,173.86399841308594,491.7588806152344,81.63748931884766,74.66625213623047,304.1600036621094
2025-07-09,210.12445068359375,176.11756896972656,498.58148193359375,82.49152374267578,74.87159729003906,305.5199890136719
2025-07-10,211.3883514404297,177.11473083496094,496.57135009765625,82.5484619140625,74.79691314697266,306.20001220703125
2025-07-11,210.14434814453125,179.6774444580078,498.393310546875,81.40972137451172,74.70356750488281,309.1400146484375
2025-07-14,207.61656188964844,181.04351806640625,498.09625244140625,81.2389144897461,74.75957489013672,308.010009765625
2025-07-15,208.1042022705078,181.48226928710938,500.86883544921875,80.66956329345703,74.5355453491211,306.7300109863281
2025-07-16,209.14913940429688,182.44952392578125,500.6708068847656,80.78343963623047,74.73155975341797,308.260009765625
2025-07-17,209.0098419189453,183.05776977539062,506.6913146972656,80.76443481445312,74.80625915527344,307.5899963378906
2025-07-18,210.1642608642578,184.53355407714844,505.05743408203125,80.88780212402344,74.90892791748047,308.3900146484375
2025-07-21,211.4580078125,189.55923461914062,505.0673522949219,81.6090087890625,75.0115966796875,313.1300048828125
2025-07-22,213.36875915527344,190.7957000732422,500.32421875,82.10245513916016,75.14228057861328,316.1000061035156
2025-07-23,213.11996459960938,189.68887329101562,500.9183349609375,81.64697265625,75.17963409423828,312.17999267578125
2025-07-24,212.7318572998047,191.62335205078125,505.87933349609375,81.50463104248047,75.0862808227539,310.2699890136719
2025-07-25,212.85125732421875,192.63046264648438,508.6816711425781,82.01704406738281,75.13294982910156,307.3999938964844
2025-07-28,213.0204620361328,192.0321807861328,507.48345947265625,81.48564910888672,75.09561157226562,305.4100036621094
2025-07-29,210.25384521484375,195.1931610107422,507.5527648925781,82.86163330078125,75.14228057861328,306.25
2025-07-30,208.0445098876953,195.97093200683594,508.2161560058594,82.43458557128906,74.9836196899414,300.9599914550781
2025-07-31,206.5716094970703,191.35409545898438,528.2778930664062,82.4820327758789,75.0302734375,302.9599914550781
2025-08-01,201.40658569335938,188.59197998046875,518.9797973632812,83.65463256835938,75.0340347290039,309.1099853515625
2025-08-04,202.37193298339844,194.4851837158203,530.3970336914062,83.8832778930664,75.2873306274414,310.9100036621094
2025-08-05,201.94398498535156,194.11624145507812,522.584228515625,84.14046478271484,75.24980926513672,311.1600036621094
2025-08-06,212.22430419921875,195.5321807861328,519.8016967773438,83.65463256835938,75.3248519897461,310.5
2025-08-07,218.9716796875,195.9609832763672,515.7418823242188,83.51176452636719,75.24980926513672,313.1199951171875
2025-08-08,228.2468719482422,200.84701538085938,516.9299926757812,83.14979553222656,75.25919342041016,313.04998779296875
2025-08-11,226.34388732910156,200.42822265625,516.6627807617188,83.24504089355469,75.25919342041016,308.54998779296875
2025-08-12,228.80479431152344,202.76156616210938,524.0595703125,82.82592010498047,75.42804718017578,308.2699890136719
2025-08-13,232.47125244140625,201.385498046875,515.4844360351562,83.51176452636719,75.62506103515625,309.2099914550781
2025-08-14,231.92327880859375,202.36270141601562,517.3657836914062,82.89259338378906,75.42804718017578,307.25
2025-08-15,230.73764038085938,203.31997680664062,515.078369140625,82.30201721191406,75.48433685302734,307.42999267578125
2025-08-18,230.0402374267578,202.92111206054688,512.0383911132812,82.06385803222656,75.42804718017578,306.95001220703125
2025-08-19,229.71144104003906,200.99661254882812,504.7801818847656,82.54014587402344,75.40928649902344,305.2699890136719
2025-08-20,225.1781768798828,198.7530059814453,500.7698669433594,82.72112274169922,75.38113403320312,308.3599853515625
2025-08-21,224.07228088378906,199.18177795410156,500.1251220703125,82.31153869628906,75.24040985107422,307.2900085449219
2025-08-22,226.92173767089844,205.5037384033203,503.09075927734375,82.92118072509766,75.85022735595703,310.5799865722656
2025-08-25,226.32395935058594,207.89691162109375,500.14495849609375,82.68303680419922,75.70010375976562,309.8299865722656
2025-08-26,228.46604919433594,206.55075073242188,497.94305419921875,82.63540649414062,75.86898803710938,312.0799865722656
2025-08-27,229.64170837402344,206.88978576660156,502.604736328125,82.54014587402344,75.96279907226562,312.7099914550781
2025-08-28,231.70408630371094,211.03794860839844,505.4810485839844,83.0831069946289,76.00033569335938,315.0299987792969
2025-08-29,231.28562927246094,212.30435180664062,502.5551452636719,82.49251556396484,75.85961151123047,318.07000732421875
2025-09-02,228.8745574951172,210.74879455566406,500.9979248046875,81.8786392211914,75.777587890625,325.5899963378906
2025-09-03,237.59234619140625,230.00384521484375,501.2260437011719,82.77745819091797,75.98497772216797,328.1400146484375
2025-09-04,238.8975067138672,231.63919067382812,503.82470703125,83.40856170654297,76.19234466552734,326.69000244140625
2025-09-05,238.80784606933594,234.33151245117188,490.9605712890625,84.68029022216797,76.23004913330078,331.04998779296875
2025-09-08,237.00450134277344,233.5829620361328,494.13446044921875,85.80858612060547,76.23004913330078,334.82000732421875
2025-09-09,233.4875030517578,239.16204833984375,494.34271240234375,85.32093811035156,76.14521789550781,334.05999755859375
2025-09-10,225.955322265625,238.7029571533203,496.2867126464844,85.80858612060547,76.20177459716797,335.260009765625
2025-09-11,229.1833953857422,239.90060424804688,496.9214782714844,86.3823013305664,76.39029693603516,334.760009765625
2025-09-12,233.2085418701172,240.32977294921875,505.7389221191406,86.0093765258789,76.31489562988281,335.4200134277344
2025-09-15,235.82884216308594,251.11865234375,511.1543884277344,86.2101821899414,76.53168487548828,338.9100036621094
2025-09-16,237.2735137939453,250.66954040527344,504.885986328125,86.3918685913086,76.47514343261719,339.5899963378906
2025-09-17,238.1104278564453,249.04270935058594,505.8579406738281,86.17193603515625,76.39973449707031,336.9700012207031
2025-09-18,237.00450134277344,251.537841796875,504.30078125,85.2826919555664,76.56940460205078,335.6199951171875
2025-09-19,244.59645080566406,254.22259521484375,513.703369140625,85.12012481689453,76.59769439697266,339.17999267578125
2025-09-22,255.1374969482422,252.036865234375,510.2518615722656,84.81414031982422,76.65424346923828,345.04998779296875
2025-09-23,253.4936065673828,251.16856384277344,505.0744323730469,85.40699005126953,76.59769439697266,346.4599914550781
2025-09-24,251.3813934326172,246.6573944091797,505.98687744140625,85.0818862915039,76.4939956665039,343.32000732421875
2025-09-25,255.92459106445312,245.3100128173828,502.8923645019531,85.0818862915039,76.27717590332031,344.75
2025-09-26,254.51980590820312,246.05853271484375,507.28619384765625,85.00540161132812,76.42800903320312,346.739990234375
2025-09-29,253.4936065673828,243.57342529296875,510.4005432128906,85.7033920288086,76.55998229980469,352.4599914550781
2025-09-30,253.69287109375,242.6252899169922,513.7233276367188,85.45480346679688,76.53168487548828,355.4700012207031
2025-10-01,254.5098419189453,244.42176818847656,515.4688720703125,85.67549133300781,76.67469787597656,356.0299987792969
2025-10-02,256.1836853027344,245.21022033691406,511.53125,85.9249496459961,76.64629364013672,354.7900085449219
2025-10-03,257.0704040527344,244.87088012695312,513.1281127929688,85.7618408203125,76.56104278564453,357.6400146484375
2025-10-06,255.7452850341797,249.94094848632812,524.256591796875,85.08058166503906,76.58000183105469,364.3800048828125
2025-10-07,255.53607177734375,245.2800750732422,519.7040405273438,85.56993865966797,76.49475860595703,366.260009765625
2025-10-08,257.1102600097656,244.14230346679688,520.5669555664062,85.6371078491211,76.38111114501953,372.29998779296875
2025-10-09,253.1050262451172,241.05833435058594,518.1369018554688,85.56993865966797,76.16327667236328,365.42999267578125
2025-10-10,244.3673095703125,236.10801696777344,506.7903137207031,86.95166015625,75.7181625366211,369.1199951171875
2025-10-13,246.74851989746094,243.6732177734375,509.8551025390625,86.90367889404297,76.19170379638672,378.0899963378906
2025-10-14,246.8581085205078,244.97068786621094,509.3789978027344,87.18194580078125,76.27693176269531,380.7900085449219
2025-10-15,248.42233276367188,250.539794921875,509.24017333984375,86.99003601074219,76.5231704711914,387.3900146484375
2025-10-16,246.53927612304688,250.9689483642578,507.4349670410156,87.64250183105469,76.2485122680664,396.45001220703125
2025-10-17,251.36146545410156,252.80535888671875,509.388916015625,87.50817108154297,76.4474105834961,388.989990234375
2025-10-20,261.27484130859375,256.04901123046875,512.5726928710938,87.84400939941406,76.59893798828125,403.1499938964844
2025-10-21,261.80291748046875,249.9709014892578,513.4356079101562,88.2757797241211,76.48528289794922,377.239990234375
2025-10-22,257.4988098144531,251.19850158691406,516.2920532226562,88.33335876464844,76.40950775146484,377.2799987792969
2025-10-23,258.6246337890625,252.58578491210938,516.3119506835938,87.72886657714844,76.58000183105469,378.7900085449219
2025-10-24,261.85272216796875,259.4124450683594,519.3370971679688,87.76725006103516,76.7883529663086,377.5199890136719
2025-10-27,267.8206481933594,268.744140625,527.1825561523438,88.06468963623047,76.97775268554688,367.010009765625
2025-10-28,268.00994873046875,266.94769287109375,537.6463623046875,88.29498291015625,76.9020004272461,364.3800048828125
2025-10-29,268.7073974609375,274.0338439941406,537.130615234375,87.40262603759766,76.66522979736328,363.0
2025-10-30,270.401123046875,280.93035888671875,521.4695434570312,86.89408111572266,76.5231704711914,370.1300048828125
2025-10-31,269.37493896484375,280.640869140625,513.5844116210938,86.63501739501953,76.5231704711914,368.1199951171875
2025-11-03,268.0597839355469,283.16595458984375,512.810791015625,86.41834259033203,76.28518676757812,368.7799987792969
2025-11-04,269.046142578125,276.9980163574219,510.1327819824219,86.6109390258789,76.29471588134766,362.32000732421875
2025-11-05,269.14581298828125,283.7547912597656,503.02130126953125,85.6672134399414,76.37088775634766,366.510009765625
2025-11-06,268.7771301269531,284.1939392089844,493.04339599609375,86.4375991821289,76.3994369506836,366.07000732421875
2025-11-07,267.48193359375,278.28546142578125,492.76568603515625,86.25463104248047,76.466064453125,368.30999755859375
2025-11-10,268.6985778808594,289.5334777832031,501.8708190917969,86.23538208007812,76.72306823730469,378.3800048828125
2025-11-11,274.5028076171875,290.7411193847656,504.5289001464844,86.63018035888672,76.8087387084961,379.8699951171875
2025-11-12,272.7276611328125,286.15008544921875,506.96881103515625,86.78427124023438,76.65644073486328,385.989990234375
2025-11-13,272.2090759277344,278.0260314941406,499.1828918457031,86.0716552734375,76.34231567382812,382.8699951171875
2025-11-14,271.6705322265625,275.8702087402344,506.0166320800781,85.58055877685547,76.36135864257812,375.9599914550781
2025-11-17,266.7339782714844,284.46337890625,503.3486022949219,85.7923812866211,76.23759460449219,371.6499938964844
2025-11-18,266.7139892578125,283.724853515625,489.7604064941406,85.76349639892578,76.25663757324219,374.3500061035156
2025-11-19,267.83099365234375,292.2381896972656,483.1448669433594,85.59017944335938,76.29471588134766,374.9599914550781
2025-11-20,265.5272521972656,288.884765625,475.4139099121094,85.92721557617188,76.24711608886719,374.8500061035156
2025-11-21,270.75299072265625,299.0747985839844,469.1436462402344,86.18722534179688,76.50413513183594,374.2699890136719
2025-11-24,275.1710205078125,317.9578552246094,471.0118408203125,86.67835235595703,76.71354675292969,380.20001220703125
2025-11-25,276.2181396484375,322.8083801269531,473.9829406738281,86.89983367919922,76.98008728027344,380.0799865722656
2025-11-26,276.79656982421875,319.3252258300781,482.4393005371094,87.28502655029297,77.05622863769531,383.1199951171875
2025-11-28,278.0930480957031,319.55474853515625,488.9082946777344,86.87094116210938,77.09429931640625,387.8800048828125
2025-12-01,282.33148193359375,314.2751159667969,483.6714782714844,85.78951263427734,76.95565032958984,389.75
2025-12-02,285.4131164550781,315.1932678222656,486.91094970703125,85.82816314697266,77.09908294677734,387.239990234375
2025-12-03,283.378662109375,319.0058288574219,474.7182922363281,86.06975555419922,77.1660385131836,386.8800048828125
2025-12-04,279.93804931640625,316.999755859375,477.8086853027344,85.60588836669922,77.2234115600586,387.1300048828125
2025-12-05,278.0232238769531,320.6426086425781,480.11407470703125,85.20965576171875,77.2234115600586,386.44000244140625
2025-12-08,277.1356506347656,313.3121643066406,487.9245300292969,84.92939758300781,77.03214263916016,385.4200134277344
2025-12-09,276.42755126953125,316.66778564453125,488.9181823730469,85.01637268066406,76.94607543945312,387.3999938964844
2025-12-10,278.0232238769531,319.7937316894531,475.5430603027344,85.34495544433594,77.20429992675781,389.04998779296875
2025-12-11,277.2752380371094,312.02386474609375,480.422119140625,85.2289810180664,77.19473266601562,393.239990234375
2025-12-12,277.52459716796875,308.887939453125,475.51324462890625,84.40751647949219,77.05126953125,395.44000244140625
2025-12-15,273.3658752441406,307.8193359375,471.82666015625,84.46551513671875,77.08953094482422,395.79998779296875
2025-12-16,273.8645324707031,306.1714782714844,473.38677978515625,84.92939758300781,77.13735961914062,395.8900146484375
2025-12-17,271.1020812988281,296.3342590332031,473.1184387207031,84.85208892822266,77.04170989990234,399.2900085449219
2025-12-18,271.45111083984375,302.0668029785156,480.92889404296875,85.25798034667969,77.25212097167969,398.57000732421875
2025-12-19,272.9271545410156,306.7607116699219,482.8566589355469,84.93975067138672,77.21463012695312,399.0199890136719
2025-12-22,270.23443603515625,309.3773193359375,481.8630065917969,84.75541687011719,77.28189086914062,408.2300109863281
2025-12-23,271.62066650390625,313.94134521484375,483.78082275390625,84.89124298095703,77.33954620361328,413.6400146484375
2025-12-24,273.06671142578125,313.6816711425781,484.94342041015625,85.40544128417969,77.48368072509766,411.92999267578125
2025-12-26,272.6578369140625,313.10247802734375,484.6354064941406,85.12409210205078,77.44524383544922,416.739990234375
2025-12-29,273.0168762207031,313.15240478515625,484.02923583984375,85.44424438476562,77.47406005859375,398.6000061035156
2025-12-30,272.33868408203125,313.4420166015625,484.4068603515625,85.24052429199219,77.5509262084961,398.8900146484375
2025-12-31,271.12200927734375,312.5931091308594,480.5711669921875,84.56138610839844,77.47406005859375,396.30999755859375
2026-01-02,270.27435302734375,314.74029541015625,469.95849609375,84.43525695800781,77.51250457763672,398.2799987792969
2026-01-05,266.5345458984375,316.1285095214844,469.86907958984375,84.85243225097656,77.71427154541016,408.760009765625
2026-01-06,261.64776611328125,313.9313659667969,475.493408203125,84.67779541015625,77.73350524902344,413.17999267578125
2026-01-07,259.6233215332031,321.56146240234375,480.422119140625,85.17259979248047,77.71427154541016,409.2300109863281
2026-01-08,258.33685302734375,325.0169372558594,475.09588623046875,84.74571990966797,77.77192687988281,411.489990234375
2026-01-09,258.6659240722656,328.14288330078125,476.2585144042969,85.30841827392578,77.82958221435547,414.4700012207031
2026-01-12,259.54351806640625,331.4285888671875,474.1717529296875,85.05616760253906,77.8680191040039,422.2300109863281
2026-01-13,260.34136962890625,335.5332336425781,467.70281982421875,85.20171356201172,77.8680191040039,421.6300048828125
2026-01-14,259.25433349609375,335.4034118652344,456.4840087890625,85.69650268554688,77.8680191040039,425.94000244140625
2026-01-15,257.5090637207031,332.347412109375,453.7811584472656,85.67710876464844,77.8680191040039,423.3299865722656
2026-01-16,254.83636474609375,329.5710144042969,456.9609680175781,85.18231201171875,77.91606140136719,421.2900085449219
2026-01-20,246.0303192138672,321.5814208984375,451.65460205078125,84.06658935546875,77.71427154541016,437.2300109863281
2026-01-21,246.97775268554688,327.953125,441.3102111816406,84.7069091796875,77.94488525390625,443.6000061035156
2026-01-22,247.67584228515625,330.11029052734375,448.2959289550781,85.07559204101562,78.0025405883789,451.7900085449219
2026-01-23,247.36668395996094,327.5036926269531,463.0125732421875,85.30841827392578,77.964111328125,458.0
2026-01-26,254.7166748046875,332.8267822265625,467.31524658203125,85.71590423583984,78.0025405883789,464.70001220703125
2026-01-27,257.56890869140625,334.1150817871094,477.55035400390625,85.18231201171875,77.99293518066406,476.1000061035156
2026-01-28,255.74388122558594,335.57318115234375,478.59368896484375,84.98827362060547,77.8680191040039,494.55999755859375
2026-01-29,257.578857421875,337.810302734375,430.76715087890625,85.0076675415039,77.8583984375,495.8999938964844
2026-01-30,258.775634765625,337.56060791015625,427.5773620605469,84.53227233886719,77.94488525390625,444.95001220703125
2026-02-02,269.2770690917969,343.2431945800781,420.7010192871094,84.29075622558594,77.99219512939453,427.1300048828125
2026-02-03,268.7485046386719,339.26837158203125,408.6176452636719,84.49526977539062,77.94391632080078,454.2900085449219
2026-02-04,275.73944091796875,332.6070861816406,411.5788879394531,84.281005859375,77.84736633300781,453.9700012207031
2026-02-05,275.1610107421875,330.81939697265625,391.188232421875,85.19648742675781,77.76045227050781,441.8800048828125
2026-02-06,277.36505126953125,322.4402770996094,398.61114501953125,85.25491333007812,78.03083038330078,455.4599914550781
2026-02-09,274.13079833984375,323.8984069824219,410.9925842285156,85.23542785644531,78.13704681396484,467.0299987792969
2026-02-10,273.19244384765625,318.16583251953125,410.6646728515625,86.21907043457031,78.0597915649414,462.3999938964844
2026-02-11,275.00921630859375,310.55572509765625,401.82073974609375,85.7613296508789,78.05014038085938,467.6300048828125
2026-02-12,261.2637634277344,308.59832763671875,399.30670166015625,86.90079498291016,78.01152038574219,451.3900146484375
2026-02-13,255.32435607910156,305.32257080078125,398.7900085449219,87.37800598144531,78.06944274902344,462.6199951171875
2026-02-17,263.4099426269531,301.6273498535156,394.3581237792969,87.52409362792969,78.03083038330078,448.20001220703125
2026-02-18,263.8791198730469,302.9356689453125,397.0808410644531,87.19296264648438,78.12738037109375,458.2799987792969
2026-02-19,260.11578369140625,302.456298828125,396.8517761230469,87.28062438964844,78.15634155273438,459.55999755859375
2026-02-20,264.1086730957031,314.570556640625,395.6267395019531,87.07608795166016,78.21428680419922,468.6199951171875
2026-02-23,265.705810546875,311.0850524902344,382.918212890625,87.39747619628906,78.0887680053711,481.2799987792969
2026-02-24,271.6552429199219,310.495849609375,387.4299621582031,87.55330657958984,78.03083038330078,474.6099853515625
2026-02-25,273.74151611328125,312.4932556152344,398.9831237792969,87.56304168701172,78.13704681396484,473.4200134277344
2026-02-26,272.4637756347656,306.98040771484375,400.0986022949219,87.91365051269531,78.06944274902344,477.4800109863281
2026-02-27,263.70941162109375,311.354736328125,391.15484619140625,88.44929504394531,77.94391632080078,483.75
2026-03-02,264.2484130859375,306.12152099609375,396.9413757324219,87.56107330322266,77.8992919921875,490.0
2026-03-03,263.2801818847656,303.1853332519531,402.2996826171875,87.38519287109375,77.7440414428711,468.1400146484375
2026-03-04,262.0523376464844,302.7359619140625,403.5645751953125,87.11160278320312,78.01573181152344,471.79998779296875
2026-03-05,259.8263244628906,300.4888916015625,409.0224304199219,86.75982666015625,77.7052230834961,466.1300048828125
2026-03-06,257.0013427734375,298.1319274902344,407.30938720703125,86.43736267089844,77.3267822265625,473.510009765625
2026-03-09,259.41705322265625,306.1770935058594,407.757568359375,87.18977355957031,77.79253387451172,472.5299987792969
2026-03-10,260.3653564453125,306.8567199707031,404.122314453125,86.26148223876953,77.66641235351562,477.8599853515625
2026-03-11,260.34539794921875,308.5157470703125,403.245849609375,85.14755249023438,77.49174499511719,476.239990234375
2026-03-12,255.3043975830078,303.3687744140625,400.238037109375,84.98143768310547,76.99686431884766,466.8800048828125
2026-03-13,249.6744384765625,302.09954833984375,393.9534912109375,84.56126403808594,76.85131072998047,460.8399963378906
2026-03-16,252.36964416503906,305.3775939941406,398.33575439453125,85.2159423828125,77.0938949584961,460.42999267578125
2026-03-17,253.77711486816406,310.7344055175781,397.79791259765625,85.45046997070312,77.4432144165039,459.2699890136719
2026-03-18,249.49476623535156,307.5063171386719,390.2087097167969,84.97167205810547,77.0453872680664,444.739990234375
2026-03-19,248.5165252685547,306.9466552734375,387.4498596191406,85.48954772949219,77.29767608642578,426.4100036621094
2026-03-20,247.54823303222656,300.8203125,380.3287353515625,83.86750793457031,76.57962036132812,413.3800048828125
2026-03-23,251.04200744628906,301.87969970703125,381.4541931152344,84.41470336914062,77.08419799804688,404.0400085449219
2026-03-24,251.1917266845703,290.2666320800781,371.2355651855469,84.04338836669922,76.82219696044922,404.1300048828125
2026-03-25,252.16998291015625,290.7563171386719,369.5424499511719,84.85440826416016,77.06478118896484,416.2900085449219
2026-03-26,252.43951416015625,280.7523193359375,364.492919921875,84.14111328125,76.57962036132812,400.6400146484375
2026-03-27,248.35679626464844,274.1762390136719,355.33001708984375,83.68184661865234,76.38555145263672,414.70001220703125
2026-03-30,246.19065856933594,273.33673095703125,357.51116943359375,84.79579162597656,76.47288513183594,414.5799865722656
2026-03-31,253.33790588378906,287.3883361816406,368.67596435546875,84.70783996582031,77.20063781738281,430.2900085449219
2026-04-01,255.1746368408203,297.2124938964844,367.8791809082031,84.62445068359375,77.38980102539062,437.82000732421875
2026-04-02,255.464111328125,295.59344482421875,371.9526672363281,85.1444091796875,77.57505798339844,429.4100036621094
2026-04-06,258.39886474609375,299.8109130859375,371.375,85.0070571899414,77.71155548095703,427.6499938964844
2026-04-07,253.0484161376953,305.27764892578125,370.78741455078125,84.99724578857422,77.73107147216797,431.80999755859375
2026-04-08,258.4388122558594,317.1305847167969,372.81915283203125,85.27193450927734,78.18933868408203,434.5299987792969
2026-04-09,260.0259704589844,318.29986572265625,371.56427001953125,85.05609893798828,78.277099609375,437.9100036621094
2026-04-10,260.0159912109375,317.0506286621094,369.3731384277344,84.85008239746094,77.96507263183594,437.1300048828125
2026-04-13,258.73828125,321.1181945800781,382.8186340332031,85.10517120361328,78.2575912475586,435.3599853515625
2026-04-14,258.3689270019531,332.7112731933594,391.5233459472656,85.55642700195312,78.49160766601562,445.0899963378906
2026-04-15,265.95538330078125,336.91876220703125,409.5602722167969,85.18363952636719,78.45260620117188,440.4599914550781
2026-04-16,262.9307861328125,335.81939697265625,418.56378173828125,84.64407348632812,78.3453598022461,440.0799865722656
2026-04-17,269.7486267089844,341.4760437011719,421.0835876464844,85.4190902709961,78.63786315917969,445.92999267578125
2026-04-20,272.5635681152344,337.2185974121094,416.38262939453125,85.39947509765625,78.56961822509766,442.0899963378906
2026-04-21,265.69586181640625,332.0916442871094,422.44805908203125,84.92857360839844,78.3648452758789,429.57000732421875
2026-04-22,272.68341064453125,339.1174621582031,431.1726989746094,85.09535217285156,78.49160766601562,435.260009765625
2026-04-23,272.9429016113281,338.6877136230469,414.07196044921875,84.9089584350586,78.3648452758789,431.0400085449219
2026-04-24,270.5771179199219,344.19439697265625,422.90618896484375,85.06591796875,78.47210693359375,433.25
2026-04-27,267.1332702636719,350.130859375,423.1053771972656,84.64407348632812,78.50135803222656,429.8900146484375
2026-04-28,270.2277526855469,349.5711975097656,427.5174865722656,84.73236083984375,78.39408874511719,421.9100036621094
2026-04-29,269.688720703125,349.7311096191406,422.7467956542969,84.07506561279297,78.1308364868164,417.4100036621094
2026-04-30,270.86663818359375,384.5702819824219,406.1341552734375,83.99658203125,78.37459564208984,423.6600036621094
2026-05-01,279.6409912109375,385.45977783203125,412.76727294921875,84.29691314697266,78.47163391113281,423.17999267578125
2026-05-04,276.3368225097656,383.0212097167969,411.9505615234375,83.65687561035156,78.216796875,414.7099914550781
2026-05-05,283.67376708984375,388.1981201171875,409.7196350097656,84.11967468261719,78.33440399169922,418.2699890136719
2026-05-06,286.99786376953125,397.8023986816406,412.2891845703125,84.75970458984375,78.56964874267578,430.9599914550781
2026-05-07,286.927978515625,397.7524108886719,419.07171630859375,84.33629608154297,78.27560424804688,431.67999267578125
2026-05-08,292.7974853515625,400.56072998046875,413.44451904296875,84.75970458984375,78.550048828125,433.7699890136719
2026-05-11,292.42779541015625,388.40802001953125,410.99444580078125,84.24767303466797,78.39321899414062,434.6499938964844
2026-05-12,294.54595947265625,387.1187744140625,406.1241760253906,83.68641662597656,78.28541564941406,432.92999267578125
2026-05-13,298.6124572753906,402.3796691894531,403.57452392578125,83.49934387207031,78.32461547851562,430.5
2026-05-14,297.9530334472656,400.8305969238281,407.7774963378906,83.61749267578125,78.26580047607422,427.2099914550781
2026-05-15,299.9713134765625,396.54315185546875,420.2170715332031,82.37682342529297,77.88353729248047,417.2900085449219
2026-05-18,297.5833435058594,396.70306396484375,421.83056640625,82.27835083007812,77.96195220947266,418.42999267578125
2026-05-19,298.7123718261719,387.4285888671875,415.7352600097656,81.74662780761719,77.77571868896484,411.5
2026-05-20,301.98956298828125,388.6778564453125,419.36053466796875,82.62298583984375,78.27560424804688,417.3999938964844
2026-05-21,304.7271728515625,387.4285888671875,418.3025207519531,82.92823028564453,78.31481170654297,416.989990234375
2026-05-22,308.55389404296875,382.74139404296875,417.7835388183594,83.38116455078125,78.32461547851562,413.82000732421875
2026-05-26,308.0643005371094,388.6478576660156,415.248291015625,83.79473114013672,78.58924865722656,414.0
2026-05-27,310.5821533203125,388.5978698730469,411.8946228027344,83.99166107177734,78.54024505615234,408.489990234375
2026-05-28,312.24072265625,389.8971252441406,426.18768310546875,84.42491149902344,78.63825988769531,412.7699890136719
2026-05-29,311.7911071777344,380.1129455566406,449.3940124511719,84.44461059570312,78.7166748046875,417.1199951171875
2026-06-01,306.0460510253906,376.14532470703125,459.6546936035156,84.49008178710938,78.65657043457031,411.260009765625
2026-06-02,314.92840576171875,361.6340026855469,440.48077392578125,84.66802215576172,78.71569061279297,411.95001220703125
2026-06-03,309.9926452636719,358.77569580078125,426.53704833984375,84.33191680908203,78.49894714355469,407.8699951171875
2026-06-04,310.9618225097656,371.96783447265625,427.2456970214844,84.51973724365234,78.646728515625,411.2699890136719
2026-06-05,307.0751647949219,368.30999755859375,415.8870849609375,84.08477783203125,78.25265502929688,396.239990234375
2026-06-08,301.2801818847656,363.30999755859375,410.9663391113281,83.64982604980469,78.36101531982422,397.2699890136719
2026-06-09,290.29962158203125,364.260009765625,402.6520080566406,84.14409637451172,78.4398422241211,390.7799987792969
2026-06-10,291.3287353515625,356.3800048828125,396.61334228515625,83.90684509277344,78.29206848144531,374.5799865722656
2026-06-11,295.375244140625,357.7699890136719,389.6065673828125,84.99423217773438,78.75509643554688,386.32000732421875
2026-06-12,290.879150390625,359.67999267578125,390.00579833984375,84.7866439819336,78.75509643554688,386.5400085449219
2026-06-15,296.1645812988281,369.3500061035156,399.0088806152344,84.73722076416016,78.85360717773438,396.54998779296875
2026-06-16,298.9821472167969,373.25,393.0899963378906,85.20182800292969,78.84375762939453,397.6300048828125
2026-06-17,295.6949768066406,363.7900085449219,378.1980285644531,85.34022521972656,78.5482177734375,388.6000061035156
2026-06-18,297.7532043457031,368.0299987792969,378.6871032714844,85.75540924072266,78.82405853271484,387.1199951171875
2026-06-22,296.75408935546875,349.67999267578125,366.6497802734375,85.10297393798828,78.75509643554688,384.5899963378906
2026-06-23,294.04638671875,346.1300048828125,373.23736572265625,85.21170806884766,78.6861343383789,377.32000732421875
2026-06-24,292.8274230957031,345.2900085449219,364.7733154296875,86.37818145751953,78.66642761230469,365.9200134277344
2026-06-25,274.91290283203125,343.7099914550781,352.1670227050781,86.34852600097656,78.69598388671875,369.4599914550781
2026-06-26,283.53546142578125,337.3900146484375,372.2691955566406,86.35841369628906,78.646728515625,373.6300048828125
2026-06-29,281.4972229003906,353.6499938964844,367.8774719238281,86.44738006591797,78.82405853271484,368.5799865722656
2026-06-30,289.11065673828125,357.3699951171875,372.319091796875,85.42918395996094,78.7846450805664,368.3800048828125
2026-07-01,294.1263427734375,361.2099914550781,383.5579528808594,84.85173034667969,78.77375793457031,370.6000061035156
2026-07-02,308.3640441894531,359.9100036621094,389.7562561035156,84.84181213378906,78.89252471923828,378.1300048828125
2026-07-06,312.3905944824219,366.4599914550781,386.0133056640625,84.78227996826172,79.05089569091797,382.1300048828125
2026-07-07,310.3923034667969,367.0299987792969,388.109375,83.88932037353516,78.94202423095703,377.489990234375
2026-07-08,313.1199645996094,361.9200134277344,382.6197204589844,83.7008056640625,78.84304809570312,374.45001220703125
2026-07-09,315.947509765625,358.8900146484375,383.6377868652344,83.82978820800781,78.93212127685547,378.17999267578125
2026-07-10,315.0483093261719,357.17999267578125,384.37640380859375,83.80994415283203,78.89252471923828,377.010009765625
2026-07-13,317.03656005859375,352.510009765625,390.2553405761719,83.31385040283203,78.70448303222656,367.1300048828125
2026-07-14,314.58868408203125,359.510009765625,384.20672607421875,83.4229965209961,78.86283874511719,372.1499938964844
2026-07-15,327.2178039550781,370.9200134277344,394.8866271972656,83.58174133300781,78.99150085449219,372.3500061035156
2026-07-16,332.97283935546875,354.4599914550781,400.3463439941406,83.55197143554688,78.98160552978516,364.9599914550781
2026-07-17,333.452392578125,346.7699890136719,393.08001708984375,83.85955047607422,78.83314514160156,368.4100036621094
2026-07-20,326.3085632324219,351.989990234375,401.53411865234375,83.2344741821289,78.86283874511719,367.6000061035156
2026-07-21,327.45758056640625,347.1499938964844,397.00262451171875,83.00627899169922,78.83314514160156,374.80999755859375
2026-07-22,325.60919189453125,342.0899963378906,389.6065673828125,82.78799438476562,78.70448303222656,379.1199951171875
2026-07-23,321.3828430175781,317.69000244140625,380.8630065917969,82.52009582519531,78.4174575805664,371.5199890136719
2026-07-24,332.7330322265625,319.739990234375,380.9828186035156,82.59947204589844,78.4174575805664,371.8999938964844
2026-07-27,336.61968994140625,326.55999755859375,388.368896484375,83.09556579589844,78.45703887939453,374.6300048828125
2026-07-28,339.78692626953125,333.7099914550781,392.61090087890625,83.58174133300781,78.60550689697266,369.3699951171875
2026-07-29,337.8985900878906,336.7099914550781,389.8061828613281,82.20259857177734,78.42735290527344,371.0799865722656
2026-07-30,333.1426696777344,333.6600036621094,450.2524108886719,82.15299224853516,78.65499114990234,377.1600036621094
2026-07-31,308.6438293457031,356.1300048828125,463.8468017578125,81.60728454589844,78.6648941040039,371.5400085449219
2026-08-03,303.1585693359375,373.510009765625,486.73370361328125,81.87625885009766,78.87772369384766,371.7099914550781
2026-08-04,309.1134033203125,377.6499938964844,491.884033203125,82.50385284423828,79.11642456054688,374.1600036621094
2026-08-05,310.7320251464844,362.42999267578125,486.5440673828125,82.68316650390625,79.08657836914062,389.6400146484375
2026-08-06,312.14080810546875,357.75,498.9207458496094,82.20499420166016,79.02690887451172,389.6700134277344
2026-08-07,313.05999755859375,354.29998779296875,499.0505065917969,82.44408416748047,79.17609405517578,398.4700012207031
2026-08-10,308.260009765625,357.5199890136719,505.109130859375,81.74674987792969,79.04680633544922,402.5400085449219
2026-08-11,304.9100036621094,343.79998779296875,502.86334228515625,81.87625885009766,79.0766372680664,400.9599914550781
2026-08-12,302.25,343.5400085449219,491.5047302246094,81.79656219482422,79.17609405517578,404.9200134277344
2026-08-13,305.260009765625,346.3599853515625,495.9463806152344,82.27472686767578,79.35511016845703,398.9599914550781
2026-08-14,305.92999267578125,345.8999938964844,494.4691467285156,81.7268295288086,79.27554321289062,401.4800109863281
2026-08-17,305.5899963378906,344.0,479.44744873046875,81.03946685791016,79.17609405517578,405.489990234375
2026-08-18,310.0299987792969,344.20001220703125,480.72503662109375,81.3482894897461,79.09652709960938,398.54998779296875
2026-08-19,316.8299865722656,344.7200012207031,483.3999938964844,82.70308685302734,79.27554321289062,413.8399963378906
2026-08-20,311.29998779296875,340.6700134277344,481.1499938964844,82.02568054199219,79.12635803222656,415.260009765625
2026-08-21,309.3500061035156,344.82000732421875,483.239990234375,81.7367935180664,79.17609405517578,423.3599853515625
2026-08-24,310.3399963378906,348.05999755859375,487.30999755859375,82.24484252929688,79.26559448242188,426.69000244140625
2026-08-25,309.8999938964844,346.9599914550781,491.7099914550781,83.15137481689453,79.4843978881836,428.07000732421875
2026-08-26,313.45001220703125,342.0,496.3699951171875,82.98202514648438,79.46451568603516,421.32000732421875
2026-08-27,314.5799865722656,340.6499938964844,505.05999755859375,82.81266784667969,79.43467712402344,422.6000061035156
2026-08-28,319.70001220703125,346.5899963378906,513.530029296875,82.5636215209961,79.30538177490234,408.8900146484375
